doc_id,case_id,scenario_id,split,doc_type,file_format,document_path,reference_text_path,quality_profile,style_id,supplier_name,supplier_siret,supplier_vat,customer_name,customer_siret,invoice_number,quote_number,attestation_reference,issue_date,due_date,expiration_date,currency,amount_ht,amount_tva,amount_ttc,iban,bic,is_forged,is_expired,has_cross_doc_inconsistency,notes
train-00001-invoice,train-00001,legitimate_pdf,train,invoice,pdf,source_documents/train/train-00001/train-00001-invoice.pdf,reference_texts/train/train-00001/train-00001-invoice.txt,clean_pdf,midnight_navy,VRD SOULAIMANA FILS,02405890100026,FR82024058901,SUD MENUISERIE ET BTP,02405244100011,FAC-202603-0001,,,2026-03-15,2026-04-14,,EUR,6125.89,1225.18,7351.07,FR7664633188130713788573539,WYQJQFEB,False,False,False,
train-00002-invoice,train-00002,legitimate_pdf,train,invoice,pdf,source_documents/train/train-00002/train-00002-invoice.pdf,reference_texts/train/train-00002/train-00002-invoice.txt,clean_pdf,heritage_burgundy,DISTRICT DE LEVET,01625002900796,FR33016250029,LE FIACRE,00732021100035,FAC-202510-0002,,,2025-10-31,2025-11-30,,EUR,10013.30,2002.66,12015.96,FR7644153912327108538381889,FSTOLMFZ,False,False,False,
train-00003-invoice,train-00003,legitimate_pdf,train,invoice,pdf,source_documents/train/train-00003/train-00003-invoice.pdf,reference_texts/train/train-00003/train-00003-invoice.txt,clean_pdf,tech_slate,MAGASIN DES ILES,02404569200035,FR31024045692,DORAS,01585179300453,FAC-202510-0003,,,2025-10-15,2025-11-14,,EUR,3109.24,621.85,3731.09,FR7693549574560198208123661,LLXHXBTK,False,False,False,
train-00004-invoice,train-00004,legitimate_pdf,train,invoice,pdf,source_documents/train/train-00004/train-00004-invoice.pdf,reference_texts/train/train-00004/train-00004-invoice.txt,clean_pdf,compliance_green,HYPERDISCOUNT,02407969100010,FR81024079691,LA BRIOCHE DOREE,01545121400041,FAC-202603-0004,,,2026-03-14,2026-04-13,,EUR,7662.03,1532.41,9194.44,FR7684215601005757419941392,HMQUHRAD,False,False,False,
train-00005-invoice,train-00005,legitimate_pdf,train,invoice,pdf,source_documents/train/train-00005/train-00005-invoice.pdf,reference_texts/train/train-00005/train-00005-invoice.txt,clean_pdf,midnight_navy,HERBEMONT,01555088200714,FR23015550882,DOUKA BE MANDZARSOUA,02404912400316,FAC-202602-0005,,,2026-02-28,2026-03-30,,EUR,8102.35,1620.47,9722.82,FR7606722740436114412734374,UBNOAGLI,False,False,False,
train-00006-invoice,train-00006,legitimate_pdf,train,invoice,pdf,source_documents/train/train-00006/train-00006-invoice.pdf,reference_texts/train/train-00006/train-00006-invoice.txt,clean_pdf,minimal_gray,ECAH,02407591300020,FR96024075913,ESPACE AUTO PRESQU'ILE,00718053200041,FAC-202511-0006,,,2025-11-06,2025-12-06,,EUR,8603.02,1720.60,10323.62,FR7626097224304357311435764,RIJLKQOX,False,False,False,
train-00007-invoice,train-00007,legitimate_scan,train,invoice,png,source_documents/train/train-00007/train-00007-invoice.png,reference_texts/train/train-00007/train-00007-invoice.txt,scan_blur_rotation,heritage_burgundy,AUDIT GESTION CONSEIL,01735137000113,FR42017351370,EPICERIE NAFASSI,02406496600021,FAC-202601-0007,,,2026-01-16,2026-02-15,,EUR,7225.78,1445.16,8670.94,FR7664938780352474319220440,HAZXDJDU,False,False,False,
train-00008-invoice,train-00008,legitimate_scan,train,invoice,png,source_documents/train/train-00008/train-00008-invoice.png,reference_texts/train/train-00008/train-00008-invoice.txt,scan_blur_rotation,corporate_blue,PIZZERIA LE DJEMBE,02408254700027,FR16024082547,L'ENFANT NOIR,02405142700011,FAC-202508-0008,,,2025-08-31,2025-09-30,,EUR,8391.73,1678.35,10070.08,FR7694122052664526712109879,GYREQPXH,False,False,False,
train-00009-invoice,train-00009,legitimate_scan,train,invoice,png,source_documents/train/train-00009/train-00009-invoice.png,reference_texts/train/train-00009/train-00009-invoice.txt,scan_blur_rotation,tech_slate,DOUKA BE DE TSARARANO,02404912400266,FR45024049124,KALO,02405535200033,FAC-202512-0009,,,2025-12-26,2026-01-25,,EUR,4817.69,963.54,5781.23,FR7636027866793236693846189,XUFLVOZL,False,False,False,
train-00010-invoice,train-00010,legitimate_scan,train,invoice,png,source_documents/train/train-00010/train-00010-invoice.png,reference_texts/train/train-00010/train-00010-invoice.txt,scan_blur_rotation,ocean_teal,CONSTRUCTION 2003,02408147300019,FR92024081473,MORA MORA,02407520200069,FAC-202512-0010,,,2025-12-14,2026-01-13,,EUR,8376.03,1675.21,10051.24,FR7606751240671292911787938,PAVIVWQP,False,False,False,
train-00011-invoice,train-00011,legitimate_scan,train,invoice,png,source_documents/train/train-00011/train-00011-invoice.png,reference_texts/train/train-00011/train-00011-invoice.txt,scan_blur_rotation,tech_slate,CLAUDE MATERIAUX,01585179300958,FR74015851793,TSARA,02408209100018,FAC-202511-0011,,,2025-11-18,2025-12-18,,EUR,9645.80,1929.16,11574.96,FR7634316314079265184885924,IXLMQJAT,False,False,False,
train-00012-invoice,train-00012,legitimate_scan,train,invoice,png,source_documents/train/train-00012/train-00012-invoice.png,reference_texts/train/train-00012/train-00012-invoice.txt,scan_blur_rotation,tech_slate,SAIFA,02404792000020,FR22024047920,MISTRA CONSTRUCTION,02404003200021,FAC-202602-0012,,,2026-02-06,2026-03-08,,EUR,15897.20,3179.44,19076.64,FR7644667361733725960976270,NJODVVYW,False,False,False,
train-00013-invoice,train-00013,legitimate_smartphone,train,invoice,jpg,source_documents/train/train-00013/train-00013-invoice.jpg,reference_texts/train/train-00013/train-00013-invoice.txt,smartphone_photo,industrial_orange,DISTRICT DE LEVET,01625002900796,FR33016250029,DORAS,01585179301048,FAC-202511-0013,,,2025-11-24,2025-12-24,,EUR,8175.80,1635.16,9810.96,FR7681624396188997083907860,KDZISGPY,False,False,False,
train-00014-invoice,train-00014,legitimate_smartphone,train,invoice,jpg,source_documents/train/train-00014/train-00014-invoice.jpg,reference_texts/train/train-00014/train-00014-invoice.txt,smartphone_photo,civic_red,DEMENAGEMENTS D. FRANTZ,01565100300046,FR74015651003,DOUKA BE CAVANI,02404912400373,FAC-202508-0014,,,2025-08-25,2025-09-24,,EUR,8414.08,1682.82,10096.90,FR7629912998881266650878991,SXVAAYKM,False,False,False,
train-00015-invoice,train-00015,legitimate_smartphone,train,invoice,jpg,source_documents/train/train-00015/train-00015-invoice.jpg,reference_texts/train/train-00015/train-00015-invoice.txt,smartphone_photo,tech_slate,SUPER-MAEVA,02407755400012,FR72024077554,APRR,01625002901216,FAC-202601-0015,,,2026-01-09,2026-02-08,,EUR,3558.43,711.69,4270.12,FR7681167757914606188953941,HZPLJLYS,False,False,False,
train-00016-invoice,train-00016,legitimate_smartphone,train,invoice,jpg,source_documents/train/train-00016/train-00016-invoice.jpg,reference_texts/train/train-00016/train-00016-invoice.txt,smartphone_photo,minimal_gray,LE CINTRA - L'ADAGIO,01555034600017,FR64015550346,ESPACE AUTO PRESQU'ILE,00718053200041,FAC-202510-0016,,,2025-10-04,2025-11-03,,EUR,14864.81,2972.96,17837.77,FR7610073093782287378692906,UGLTNJFL,False,False,False,
train-00017-invoice,train-00017,forged_amount_pdf,train,invoice,pdf,source_documents/train/train-00017/train-00017-invoice.pdf,reference_texts/train/train-00017/train-00017-invoice.txt,clean_pdf,midnight_navy,DIR REG ALSACE FR.COMTE DIST. BESANCON,01625002900572,FR33016250029,I.E.S.B.G.M,02407914700039,FAC-202601-0017,,,2026-01-13,2026-02-12,,EUR,16184.90,3236.98,19571.87,FR7604920713933683479519152,OWERYHIJ,True,False,False,Montant TTC incoherent avec le detail des lignes.
train-00018-invoice,train-00018,forged_amount_pdf,train,invoice,pdf,source_documents/train/train-00018/train-00018-invoice.pdf,reference_texts/train/train-00018/train-00018-invoice.txt,clean_pdf,tech_slate,DOUKA BE,02404912400027,FR45024049124,EIFFAGE CONSTRUCTION FRANCHE COMTE,01545141200058,FAC-202601-0018,,,2026-01-17,2026-02-16,,EUR,7227.38,1445.48,8822.85,FR7625097190677980006919606,TKMWBYTB,True,False,False,Montant TTC incoherent avec le detail des lignes.
train-00019-invoice,train-00019,forged_amount_pdf,train,invoice,pdf,source_documents/train/train-00019/train-00019-invoice.pdf,reference_texts/train/train-00019/train-00019-invoice.txt,clean_pdf,sand_gold,DOUKA BE ILONI,02404912400159,FR45024049124,DORAS LOCOUTI,01585179300461,FAC-202510-0019,,,2025-10-30,2025-11-29,,EUR,17687.41,3537.48,21374.88,FR7625975040857815745324631,PAZLEKQH,True,False,False,Montant TTC incoherent avec le detail des lignes.
train-00020-invoice,train-00020,forged_amount_pdf,train,invoice,pdf,source_documents/train/train-00020/train-00020-invoice.pdf,reference_texts/train/train-00020/train-00020-invoice.txt,clean_pdf,heritage_burgundy,SFR,02407217500128,FR37024072175,E.D.T.S. 2000,02404058600018,FAC-202507-0020,,,2025-07-31,2025-08-30,,EUR,3686.78,737.36,4574.13,FR7646277278169336684580087,TEQIXAHO,True,False,False,Montant TTC incoherent avec le detail des lignes.
train-00021-invoice,train-00021,forged_identifier_scan,train,invoice,png,source_documents/train/train-00021/train-00021-invoice.png,reference_texts/train/train-00021/train-00021-invoice.txt,pixelated_scan,heritage_burgundy,CAP MAY,02403853100029,FR82024038531,P.A.M.M.,00592019400031,FAC-202510-0021,,,2025-10-02,2025-11-01,,EUR,5094.51,1018.90,6113.41,FR7626994520267912674412535,LTRKOSOO,True,False,False,Identifiant fournisseur potentiellement falsifie.
train-00022-invoice,train-00022,forged_identifier_scan,train,invoice,png,source_documents/train/train-00022/train-00022-invoice.png,reference_texts/train/train-00022/train-00022-invoice.txt,pixelated_scan,heritage_burgundy,PELETEAU,02408507800015,FR43024085078,SAIFA,02404792000020,FAC-202507-0022,,,2025-07-26,2025-08-25,,EUR,10337.42,2067.48,12404.90,FR7631634554758464936039212,BXVKRLTL,True,False,False,Identifiant fournisseur potentiellement falsifie.
train-00023-invoice,train-00023,forged_identifier_scan,train,invoice,png,source_documents/train/train-00023/train-00023-invoice.png,reference_texts/train/train-00023/train-00023-invoice.txt,pixelated_scan,industrial_orange,DOUKA BE KANI KELI,02404912400095,FR45024049124,DEXIS,01675055600041,FAC-202510-0023,,,2025-10-21,2025-11-20,,EUR,4461.74,892.35,5354.09,FR7668647294002989510109159,JUEYXPDQ,True,False,False,Identifiant fournisseur potentiellement falsifie.
train-00024-invoice,train-00024,forged_identifier_scan,train,invoice,png,source_documents/train/train-00024/train-00024-invoice.png,reference_texts/train/train-00024/train-00024-invoice.txt,pixelated_scan,corporate_blue,DOUKA BE POROANI,02404912400384,FR45024049124,JO LE TAXI,02405115300021,FAC-202511-0024,,,2025-11-16,2025-12-16,,EUR,9209.05,1841.81,11050.86,FR7661026614667146248944269,JWUWKYOR,True,False,False,Identifiant fournisseur potentiellement falsifie.
train-00025-invoice,train-00025,invoice_quote_mismatch,train,invoice,pdf,source_documents/train/train-00025/train-00025-invoice.pdf,reference_texts/train/train-00025/train-00025-invoice.txt,clean_pdf,heritage_burgundy,BELAY ARC EN CIEL MAYOTTE EIRL,02404673200020,FR47024046732,LEBTRONIC,02407563200018,FAC-202601-0025,,,2026-01-16,2026-02-15,,EUR,7700.30,1540.06,9240.36,FR7692159561284092158293362,KCQAVCCW,False,False,True,Le devis et la facture n'ont pas le meme montant.
train-00025-quote,train-00025,invoice_quote_mismatch,train,quote,pdf,source_documents/train/train-00025/train-00025-quote.pdf,reference_texts/train/train-00025/train-00025-quote.txt,clean_pdf,heritage_burgundy,BELAY ARC EN CIEL MAYOTTE EIRL,02404673200020,FR47024046732,LEBTRONIC,02407563200018,,DEV-202601-0025,,2026-01-10,2026-02-09,,EUR,7516.97,1503.39,9020.36,,,False,False,True,Devis commercial lie a la facture. | Le devis et la facture n'ont pas le meme montant.
train-00026-invoice,train-00026,invoice_quote_mismatch,train,invoice,pdf,source_documents/train/train-00026/train-00026-invoice.pdf,reference_texts/train/train-00026/train-00026-invoice.txt,clean_pdf,ocean_teal,GAZONS MAYOTTE SERVICES VERTS,02403807700020,FR78024038077,CARONI TRANSPORT,02405894300036,FAC-202512-0026,,,2025-12-23,2026-01-22,,EUR,6902.93,1380.59,8283.52,FR7666679165088617703810960,SKQYSVTX,False,False,True,Le devis et la facture n'ont pas le meme montant.
train-00026-quote,train-00026,invoice_quote_mismatch,train,quote,pdf,source_documents/train/train-00026/train-00026-quote.pdf,reference_texts/train/train-00026/train-00026-quote.txt,clean_pdf,ocean_teal,GAZONS MAYOTTE SERVICES VERTS,02403807700020,FR78024038077,CARONI TRANSPORT,02405894300036,,DEV-202512-0026,,2025-12-17,2026-01-16,,EUR,6719.60,1343.92,8063.52,,,False,False,True,Devis commercial lie a la facture. | Le devis et la facture n'ont pas le meme montant.
train-00027-invoice,train-00027,invoice_quote_mismatch,train,invoice,pdf,source_documents/train/train-00027/train-00027-invoice.pdf,reference_texts/train/train-00027/train-00027-invoice.txt,clean_pdf,industrial_orange,ENTREPRISE GENERALE,02405048600018,FR57024050486,LA TOUR D'AUXOIS,01605002300049,FAC-202511-0027,,,2025-11-01,2025-12-01,,EUR,4998.50,999.70,5998.20,FR7675951730900818936329947,ZWPFGFMR,False,False,True,Le devis et la facture n'ont pas le meme montant.
train-00027-quote,train-00027,invoice_quote_mismatch,train,quote,pdf,source_documents/train/train-00027/train-00027-quote.pdf,reference_texts/train/train-00027/train-00027-quote.txt,clean_pdf,industrial_orange,ENTREPRISE GENERALE,02405048600018,FR57024050486,LA TOUR D'AUXOIS,01605002300049,,DEV-202511-0027,,2025-10-26,2025-11-25,,EUR,4815.17,963.03,5778.20,,,False,False,True,Devis commercial lie a la facture. | Le devis et la facture n'ont pas le meme montant.
train-00028-invoice,train-00028,invoice_quote_mismatch,train,invoice,pdf,source_documents/train/train-00028/train-00028-invoice.pdf,reference_texts/train/train-00028/train-00028-invoice.txt,clean_pdf,compliance_green,OUZOURI ET LOCATION,02406628400019,FR18024066284,DORAS,01585179301030,FAC-202510-0028,,,2025-10-01,2025-10-31,,EUR,12870.78,2574.16,15444.94,FR7661572507397820759996712,ZIZCZNGH,False,False,True,Le devis et la facture n'ont pas le meme montant.
train-00028-quote,train-00028,invoice_quote_mismatch,train,quote,pdf,source_documents/train/train-00028/train-00028-quote.pdf,reference_texts/train/train-00028/train-00028-quote.txt,clean_pdf,compliance_green,OUZOURI ET LOCATION,02406628400019,FR18024066284,DORAS,01585179301030,,DEV-202510-0028,,2025-09-25,2025-10-25,,EUR,12687.45,2537.49,15224.94,,,False,False,True,Devis commercial lie a la facture. | Le devis et la facture n'ont pas le meme montant.
train-00029-invoice,train-00029,expired_attestation,train,invoice,pdf,source_documents/train/train-00029/train-00029-invoice.pdf,reference_texts/train/train-00029/train-00029-invoice.txt,clean_pdf,heritage_burgundy,ENTREPRISE MICHEL AHMED,02408232300015,FR23024082323,SOPREMA,02405111200019,FAC-202511-0029,,,2025-11-10,2025-12-10,,EUR,6593.70,1318.74,7912.44,FR7638311957643051427818209,BSUKXOAP,False,True,True,Attestation hors validite.
train-00029-attestation,train-00029,expired_attestation,train,attestation,pdf,source_documents/train/train-00029/train-00029-attestation.pdf,reference_texts/train/train-00029/train-00029-attestation.txt,clean_pdf,heritage_burgundy,ENTREPRISE MICHEL AHMED,02408232300015,FR23024082323,SOPREMA,02405111200019,,,ATTEST-202511-0029,2025-11-10,,2025-11-02,EUR,0.00,0.00,0.00,,,False,True,True,Document de conformite pour verification fournisseur. | Attestation hors validite.
train-00030-invoice,train-00030,expired_attestation,train,invoice,pdf,source_documents/train/train-00030/train-00030-invoice.pdf,reference_texts/train/train-00030/train-00030-invoice.txt,clean_pdf,minimal_gray,SFR,02407217500029,FR37024072175,COOL VOYAGES,02406785200012,FAC-202511-0030,,,2025-11-10,2025-12-10,,EUR,7329.02,1465.80,8794.82,FR7636208183950488803782517,NKKOHGPT,False,True,True,Attestation hors validite.
train-00030-attestation,train-00030,expired_attestation,train,attestation,pdf,source_documents/train/train-00030/train-00030-attestation.pdf,reference_texts/train/train-00030/train-00030-attestation.txt,clean_pdf,minimal_gray,SFR,02407217500029,FR37024072175,COOL VOYAGES,02406785200012,,,ATTEST-202511-0030,2025-11-10,,2025-11-02,EUR,0.00,0.00,0.00,,,False,True,True,Document de conformite pour verification fournisseur. | Attestation hors validite.
train-00031-invoice,train-00031,expired_attestation,train,invoice,pdf,source_documents/train/train-00031/train-00031-invoice.pdf,reference_texts/train/train-00031/train-00031-invoice.txt,clean_pdf,compliance_green,MENUISERIE MZE FILS,02405867900010,FR95024058679,ACM,01675055600140,FAC-202509-0031,,,2025-09-28,2025-10-28,,EUR,8325.52,1665.10,9990.62,FR7696355203591007655510739,OZQMPOLE,False,True,True,Attestation hors validite.
train-00031-attestation,train-00031,expired_attestation,train,attestation,pdf,source_documents/train/train-00031/train-00031-attestation.pdf,reference_texts/train/train-00031/train-00031-attestation.txt,clean_pdf,compliance_green,MENUISERIE MZE FILS,02405867900010,FR95024058679,ACM,01675055600140,,,ATTEST-202509-0031,2025-09-28,,2025-09-20,EUR,0.00,0.00,0.00,,,False,True,True,Document de conformite pour verification fournisseur. | Attestation hors validite.
train-00032-invoice,train-00032,expired_attestation,train,invoice,pdf,source_documents/train/train-00032/train-00032-invoice.pdf,reference_texts/train/train-00032/train-00032-invoice.txt,clean_pdf,minimal_gray,L.E.C LAGON ETANCHEITE COUVERTURE,02405466000022,FR66024054660,BET I.A.C.,02405783800021,FAC-202508-0032,,,2025-08-11,2025-09-10,,EUR,1972.84,394.57,2367.41,FR7677177236753210115114065,JFYTJYLH,False,True,True,Attestation hors validite.
train-00032-attestation,train-00032,expired_attestation,train,attestation,pdf,source_documents/train/train-00032/train-00032-attestation.pdf,reference_texts/train/train-00032/train-00032-attestation.txt,clean_pdf,minimal_gray,L.E.C LAGON ETANCHEITE COUVERTURE,02405466000022,FR66024054660,BET I.A.C.,02405783800021,,,ATTEST-202508-0032,2025-08-11,,2025-08-03,EUR,0.00,0.00,0.00,,,False,True,True,Document de conformite pour verification fournisseur. | Attestation hors validite.
train-00033-invoice,train-00033,attestation_siret_mismatch,train,invoice,png,source_documents/train/train-00033/train-00033-invoice.png,reference_texts/train/train-00033/train-00033-invoice.txt,scan_blur_rotation,ocean_teal,TRANSPORTS MORAND,00648006500025,FR49006480065,MAYOTTE PIECES AUTO,02406911400023,FAC-202601-0033,,,2026-01-29,2026-02-28,,EUR,7407.40,1481.48,8888.88,FR7611718358351066529636250,ZFFIJUPE,False,False,True,
train-00033-attestation,train-00033,attestation_siret_mismatch,train,attestation,png,source_documents/train/train-00033/train-00033-attestation.png,reference_texts/train/train-00033/train-00033-attestation.txt,scan_blur_rotation,ocean_teal,TRANSPORTS MORAND,02404345700027,FR19024043457,MAYOTTE PIECES AUTO,02406911400023,,,ATTEST-202601-0033,2026-01-29,,2026-05-29,EUR,0.00,0.00,0.00,,,False,False,True,Document de conformite pour verification fournisseur.
train-00034-invoice,train-00034,attestation_siret_mismatch,train,invoice,png,source_documents/train/train-00034/train-00034-invoice.png,reference_texts/train/train-00034/train-00034-invoice.txt,scan_blur_rotation,tech_slate,MCTP LA MAHORAISE DE TRAVAUX PUBLICS ASSAINISSEMENT & EAU POTABLE,02407860200026,FR15024078602,DOUKA BE KANI KELI,02404912400092,FAC-202510-0034,,,2025-10-03,2025-11-02,,EUR,10508.02,2101.60,12609.62,FR7639903654137231195911121,JTLERVQQ,False,False,True,
train-00034-attestation,train-00034,attestation_siret_mismatch,train,attestation,png,source_documents/train/train-00034/train-00034-attestation.png,reference_texts/train/train-00034/train-00034-attestation.txt,scan_blur_rotation,tech_slate,MCTP LA MAHORAISE DE TRAVAUX PUBLICS ASSAINISSEMENT & EAU POTABLE,02406747200019,FR90024067472,DOUKA BE KANI KELI,02404912400092,,,ATTEST-202510-0034,2025-10-03,,2026-01-31,EUR,0.00,0.00,0.00,,,False,False,True,Document de conformite pour verification fournisseur.
train-00035-invoice,train-00035,attestation_siret_mismatch,train,invoice,png,source_documents/train/train-00035/train-00035-invoice.png,reference_texts/train/train-00035/train-00035-invoice.txt,scan_blur_rotation,corporate_blue,BOULANGERIE BARAKA M'FILAOUNI,02404494300025,FR15024044943,MPPI,01585179301105,FAC-202601-0035,,,2026-01-13,2026-02-12,,EUR,5277.70,1055.54,6333.24,FR7666132870081783757374104,DQKVLAFL,False,False,True,
train-00035-attestation,train-00035,attestation_siret_mismatch,train,attestation,png,source_documents/train/train-00035/train-00035-attestation.png,reference_texts/train/train-00035/train-00035-attestation.txt,scan_blur_rotation,corporate_blue,BOULANGERIE BARAKA M'FILAOUNI,01555140100035,FR28015551401,MPPI,01585179301105,,,ATTEST-202601-0035,2026-01-13,,2026-05-13,EUR,0.00,0.00,0.00,,,False,False,True,Document de conformite pour verification fournisseur.
train-00036-invoice,train-00036,attestation_siret_mismatch,train,invoice,png,source_documents/train/train-00036/train-00036-invoice.png,reference_texts/train/train-00036/train-00036-invoice.txt,scan_blur_rotation,heritage_burgundy,SAF COIFFURE,02407648100019,FR54024076481,TRANSIT DES ILES,02404461200026,FAC-202511-0036,,,2025-11-06,2025-12-06,,EUR,2984.31,596.86,3581.17,FR7649900036322113475791517,ZTOVKJYS,False,False,True,
train-00036-attestation,train-00036,attestation_siret_mismatch,train,attestation,png,source_documents/train/train-00036/train-00036-attestation.png,reference_texts/train/train-00036/train-00036-attestation.txt,scan_blur_rotation,heritage_burgundy,SAF COIFFURE,02408254700027,FR16024082547,TRANSIT DES ILES,02404461200026,,,ATTEST-202511-0036,2025-11-06,,2026-03-06,EUR,0.00,0.00,0.00,,,False,False,True,Document de conformite pour verification fournisseur.
train-00037-invoice,train-00037,rib_mismatch,train,invoice,pdf,source_documents/train/train-00037/train-00037-invoice.pdf,reference_texts/train/train-00037/train-00037-invoice.txt,clean_pdf,compliance_green,DORAS,01585179300347,FR74015851793,JADESSIANE,02405385200026,FAC-202601-0037,,,2026-01-12,2026-02-11,,EUR,7823.38,1564.68,9388.06,FR7654851919825323282153789,TDINOSJI,False,False,True,
train-00037-rib,train-00037,rib_mismatch,train,rib,pdf,source_documents/train/train-00037/train-00037-rib.pdf,reference_texts/train/train-00037/train-00037-rib.txt,clean_pdf,compliance_green,DOUKA BE TSOUNDZOU 2,01585179300347,FR74015851793,JADESSIANE,02405385200026,,,,2026-01-12,,,EUR,0.00,0.00,0.00,FR7654851919825323282153789,TDINOSJI,False,False,True,Coordonnees bancaires fournisseur.
train-00038-invoice,train-00038,rib_mismatch,train,invoice,pdf,source_documents/train/train-00038/train-00038-invoice.pdf,reference_texts/train/train-00038/train-00038-invoice.txt,clean_pdf,sand_gold,MPPI,01585179301113,FR74015851793,VRD SOULAIMANA FILS,02405890100026,FAC-202601-0038,,,2026-01-26,2026-02-25,,EUR,12794.99,2559.00,15353.99,FR7658917995647275541290366,HBEDURZS,False,False,True,
train-00038-rib,train-00038,rib_mismatch,train,rib,pdf,source_documents/train/train-00038/train-00038-rib.pdf,reference_texts/train/train-00038/train-00038-rib.txt,clean_pdf,sand_gold,SOPREMA,01585179301113,FR74015851793,VRD SOULAIMANA FILS,02405890100026,,,,2026-01-26,,,EUR,0.00,0.00,0.00,FR7658917995647275541290366,HBEDURZS,False,False,True,Coordonnees bancaires fournisseur.
train-00039-invoice,train-00039,rib_mismatch,train,invoice,pdf,source_documents/train/train-00039/train-00039-invoice.pdf,reference_texts/train/train-00039/train-00039-invoice.txt,clean_pdf,minimal_gray,MAYOTTE HYGIENE EXPRESS,02405355500041,FR49024053555,FABRICE GILLOTTE,01575114200033,FAC-202509-0039,,,2025-09-15,2025-10-15,,EUR,11963.27,2392.65,14355.92,FR7602534410261641357075811,VPBSGZWT,False,False,True,
train-00039-rib,train-00039,rib_mismatch,train,rib,pdf,source_documents/train/train-00039/train-00039-rib.pdf,reference_texts/train/train-00039/train-00039-rib.txt,clean_pdf,minimal_gray,LE CARONI SERVICE TAXI,02405355500041,FR49024053555,FABRICE GILLOTTE,01575114200033,,,,2025-09-15,,,EUR,0.00,0.00,0.00,FR7602534410261641357075811,VPBSGZWT,False,False,True,Coordonnees bancaires fournisseur.
train-00040-invoice,train-00040,missing_field_scan,train,invoice,png,source_documents/train/train-00040/train-00040-invoice.png,reference_texts/train/train-00040/train-00040-invoice.txt,low_contrast_scan,corporate_blue,EIFFAGE CONSTRUCTION BOURGOGNE FRANCHE COMTE AMEL,01545141200090,FR82015451412,PACOTTE ET MIGNOTTE,01665011100103,FAC-202510-0040,,,2025-10-04,,,EUR,6902.75,1380.55,8283.30,FR7637484833297869719804828,UXRGFCJE,False,False,False,La date d'echeance est absente du document.
train-00041-invoice,train-00041,missing_field_scan,train,invoice,png,source_documents/train/train-00041/train-00041-invoice.png,reference_texts/train/train-00041/train-00041-invoice.txt,low_contrast_scan,sand_gold,DOUKA BE,02404912400290,FR45024049124,JUSTE A COTE,02405478500027,FAC-202602-0041,,,2026-02-16,,,EUR,11509.99,2302.00,13811.99,FR7601736450247961376335028,DNZJFHOK,False,False,False,La date d'echeance est absente du document.
train-00042-invoice,train-00042,missing_field_scan,train,invoice,png,source_documents/train/train-00042/train-00042-invoice.png,reference_texts/train/train-00042/train-00042-invoice.txt,low_contrast_scan,tech_slate,COOPERATIVE MARITIME,00708001300027,FR58007080013,MULTIGRAPHIC,00678051400094,FAC-202510-0042,,,2025-10-04,,,EUR,14253.03,2850.61,17103.64,FR7634154798053598078633405,OAWYXKKJ,False,False,False,La date d'echeance est absente du document.
validation-00043-invoice,validation-00043,legitimate_pdf,validation,invoice,pdf,source_documents/validation/validation-00043/validation-00043-invoice.pdf,reference_texts/validation/validation-00043/validation-00043-invoice.txt,clean_pdf,sand_gold,EQUANS,02407610100047,FR78024076101,DOUKA BE MTSAPERE,02404912400183,FAC-202509-0043,,,2025-09-16,2025-10-16,,EUR,3484.46,696.89,4181.35,FR7668324451320353416228200,WFPBQVZW,False,False,False,
validation-00044-invoice,validation-00044,legitimate_pdf,validation,invoice,pdf,source_documents/validation/validation-00044/validation-00044-invoice.pdf,reference_texts/validation/validation-00044/validation-00044-invoice.txt,clean_pdf,midnight_navy,ESPACE MEUBLE,02407016100021,FR09024070161,C.E.M,02404098200027,FAC-202509-0044,,,2025-09-12,2025-10-12,,EUR,5197.01,1039.40,6236.41,FR7641355021936060967655088,JVTVQQJT,False,False,False,
validation-00045-invoice,validation-00045,legitimate_scan,validation,invoice,png,source_documents/validation/validation-00045/validation-00045-invoice.png,reference_texts/validation/validation-00045/validation-00045-invoice.txt,scan_blur_rotation,corporate_blue,AMENAGEMENTS SUPPER LUX (A.S.L),02408267900010,FR24024082679,DAILAMI ET FILS,02405358900016,FAC-202511-0045,,,2025-11-17,2025-12-17,,EUR,15718.36,3143.67,18862.03,FR7608560684756610142880845,MDYHPTOJ,False,False,False,
validation-00046-invoice,validation-00046,legitimate_scan,validation,invoice,png,source_documents/validation/validation-00046/validation-00046-invoice.png,reference_texts/validation/validation-00046/validation-00046-invoice.txt,scan_blur_rotation,civic_red,DORAS,01585179300081,FR74015851793,DOUKA BE MANGROVE KAWENI,02404912400035,FAC-202511-0046,,,2025-11-15,2025-12-15,,EUR,8562.40,1712.48,10274.88,FR7689047088719331938420594,YFAHIQOI,False,False,False,
validation-00047-invoice,validation-00047,legitimate_smartphone,validation,invoice,jpg,source_documents/validation/validation-00047/validation-00047-invoice.jpg,reference_texts/validation/validation-00047/validation-00047-invoice.txt,smartphone_photo,industrial_orange,INVEST CONSULTING MAYOTTE REUNION (ICMR),02403727700035,FR06024037277,EIFFAGE CONSTRUCTION SAONE ET LOIRE,01545141200074,FAC-202508-0047,,,2025-08-22,2025-09-21,,EUR,7696.15,1539.23,9235.38,FR7667794558170706512132228,KNYHMZXM,False,False,False,
validation-00048-invoice,validation-00048,forged_amount_pdf,validation,invoice,pdf,source_documents/validation/validation-00048/validation-00048-invoice.pdf,reference_texts/validation/validation-00048/validation-00048-invoice.txt,clean_pdf,heritage_burgundy,JADESSIANE,02405385200026,FR67024053852,ENTREPRISE MOHAMED,02407532700015,FAC-202512-0048,,,2025-12-04,2026-01-03,,EUR,6678.82,1335.76,8164.57,FR7628207266562310567322287,SFGJOBZY,True,False,False,Montant TTC incoherent avec le detail des lignes.
validation-00049-invoice,validation-00049,forged_identifier_scan,validation,invoice,png,source_documents/validation/validation-00049/validation-00049-invoice.png,reference_texts/validation/validation-00049/validation-00049-invoice.txt,pixelated_scan,civic_red,DOUKA BE CAVANI,02404912400376,FR45024049124,DORAS,01585179300065,FAC-202509-0049,,,2025-09-04,2025-10-04,,EUR,7101.51,1420.30,8521.81,FR7697245848746368435188813,BZHKCDKW,True,False,False,Identifiant fournisseur potentiellement falsifie.
validation-00050-invoice,validation-00050,invoice_quote_mismatch,validation,invoice,pdf,source_documents/validation/validation-00050/validation-00050-invoice.pdf,reference_texts/validation/validation-00050/validation-00050-invoice.txt,clean_pdf,compliance_green,MR.BRICOLAGE,02408595300016,FR49024085953,DOUKA BE TSOUNDZOU 2,02404912400175,FAC-202512-0050,,,2025-12-31,2026-01-30,,EUR,8303.95,1660.79,9964.74,FR7693512087911516346541147,QAPZOMVF,False,False,True,Le devis et la facture n'ont pas le meme montant.
validation-00050-quote,validation-00050,invoice_quote_mismatch,validation,quote,pdf,source_documents/validation/validation-00050/validation-00050-quote.pdf,reference_texts/validation/validation-00050/validation-00050-quote.txt,clean_pdf,compliance_green,MR.BRICOLAGE,02408595300016,FR49024085953,DOUKA BE TSOUNDZOU 2,02404912400175,,DEV-202512-0050,,2025-12-25,2026-01-24,,EUR,8120.62,1624.12,9744.74,,,False,False,True,Devis commercial lie a la facture. | Le devis et la facture n'ont pas le meme montant.
validation-00051-invoice,validation-00051,expired_attestation,validation,invoice,pdf,source_documents/validation/validation-00051/validation-00051-invoice.pdf,reference_texts/validation/validation-00051/validation-00051-invoice.txt,clean_pdf,tech_slate,SERVICE RAPIDE,02407634100023,FR22024076341,DORAS,01585179300180,FAC-202509-0051,,,2025-09-06,2025-10-06,,EUR,3461.53,692.31,4153.84,FR7617040910109648431825069,ZFFWLHMO,False,True,True,Attestation hors validite.
validation-00051-attestation,validation-00051,expired_attestation,validation,attestation,pdf,source_documents/validation/validation-00051/validation-00051-attestation.pdf,reference_texts/validation/validation-00051/validation-00051-attestation.txt,clean_pdf,tech_slate,SERVICE RAPIDE,02407634100023,FR22024076341,DORAS,01585179300180,,,ATTEST-202509-0051,2025-09-06,,2025-08-29,EUR,0.00,0.00,0.00,,,False,True,True,Document de conformite pour verification fournisseur. | Attestation hors validite.
validation-00052-invoice,validation-00052,attestation_siret_mismatch,validation,invoice,png,source_documents/validation/validation-00052/validation-00052-invoice.png,reference_texts/validation/validation-00052/validation-00052-invoice.txt,scan_blur_rotation,tech_slate,DORAS,01585179300180,FR74015851793,FLEUR D'OR,02404946200021,FAC-202508-0052,,,2025-08-12,2025-09-11,,EUR,9477.53,1895.51,11373.04,FR7681099851973637896738462,RFJKOTKA,False,False,True,
validation-00052-attestation,validation-00052,attestation_siret_mismatch,validation,attestation,png,source_documents/validation/validation-00052/validation-00052-attestation.png,reference_texts/validation/validation-00052/validation-00052-attestation.txt,scan_blur_rotation,tech_slate,DORAS,01585179300347,FR74015851793,FLEUR D'OR,02404946200021,,,ATTEST-202508-0052,2025-08-12,,2025-12-10,EUR,0.00,0.00,0.00,,,False,False,True,Document de conformite pour verification fournisseur.
validation-00053-invoice,validation-00053,rib_mismatch,validation,invoice,pdf,source_documents/validation/validation-00053/validation-00053-invoice.pdf,reference_texts/validation/validation-00053/validation-00053-invoice.txt,clean_pdf,minimal_gray,FAZM,02405832300023,FR94024058323,AMENAGEMENTS SUPPER LUX (A.S.L),02408267900028,FAC-202509-0053,,,2025-09-28,2025-10-28,,EUR,9745.34,1949.07,11694.41,FR7659119222326843285824176,PSYDAOXB,False,False,True,
validation-00053-rib,validation-00053,rib_mismatch,validation,rib,pdf,source_documents/validation/validation-00053/validation-00053-rib.pdf,reference_texts/validation/validation-00053/validation-00053-rib.txt,clean_pdf,minimal_gray,JUMBO SCORE,02405832300023,FR94024058323,AMENAGEMENTS SUPPER LUX (A.S.L),02408267900028,,,,2025-09-28,,,EUR,0.00,0.00,0.00,FR7659119222326843285824176,PSYDAOXB,False,False,True,Coordonnees bancaires fournisseur.
validation-00054-invoice,validation-00054,missing_field_scan,validation,invoice,png,source_documents/validation/validation-00054/validation-00054-invoice.png,reference_texts/validation/validation-00054/validation-00054-invoice.txt,low_contrast_scan,civic_red,MAYOTTE ULM,02407554100011,FR47024075541,DOLMEN NANTES,00708077300158,FAC-202603-0054,,,2026-03-13,,,EUR,9702.61,1940.52,11643.13,FR7658022998856289898778680,ZEEFCDXW,False,False,False,La date d'echeance est absente du document.
test-00055-invoice,test-00055,legitimate_pdf,test,invoice,pdf,source_documents/test/test-00055/test-00055-invoice.pdf,reference_texts/test/test-00055/test-00055-invoice.txt,clean_pdf,heritage_burgundy,DORAS,01585179300545,FR74015851793,EUROPCAR,02408440200015,FAC-202601-0055,,,2026-01-09,2026-02-08,,EUR,6598.38,1319.68,7918.06,FR7671383789840058671946090,GGAXPOIJ,False,False,False,
test-00056-invoice,test-00056,legitimate_pdf,test,invoice,pdf,source_documents/test/test-00056/test-00056-invoice.pdf,reference_texts/test/test-00056/test-00056-invoice.txt,clean_pdf,minimal_gray,MBINGA BOIS,02405651700022,FR11024056517,MAGASIN ANTU,02405506300010,FAC-202512-0056,,,2025-12-02,2026-01-01,,EUR,4890.97,978.19,5869.16,FR7602052056056826316635715,LRJLJNMV,False,False,False,
test-00057-invoice,test-00057,legitimate_scan,test,invoice,png,source_documents/test/test-00057/test-00057-invoice.png,reference_texts/test/test-00057/test-00057-invoice.txt,scan_blur_rotation,sand_gold,DJAMBO MACONNERIE,02405742400038,FR16024057424,CTIM CROIX DE MARBRE,01978753000013,FAC-202602-0057,,,2026-02-11,2026-03-13,,EUR,7657.74,1531.55,9189.29,FR7609279986267657506054555,ZTNPCLGQ,False,False,False,
test-00058-invoice,test-00058,legitimate_scan,test,invoice,png,source_documents/test/test-00058/test-00058-invoice.png,reference_texts/test/test-00058/test-00058-invoice.txt,scan_blur_rotation,sand_gold,MEPHISTO,01575462500034,FR55015754625,ECAH,02407591300020,FAC-202601-0058,,,2026-01-01,2026-01-31,,EUR,1832.34,366.47,2198.81,FR7698941206362794726897458,GDVEDQDC,False,False,False,
test-00059-invoice,test-00059,legitimate_smartphone,test,invoice,jpg,source_documents/test/test-00059/test-00059-invoice.jpg,reference_texts/test/test-00059/test-00059-invoice.txt,smartphone_photo,tech_slate,DORAS,01585179300933,FR74015851793,MARCHANDISE RAYISI,02404304400023,FAC-202603-0059,,,2026-03-01,2026-03-31,,EUR,7451.42,1490.28,8941.70,FR7688966795760147764583427,UOOGZNBX,False,False,False,
test-00060-invoice,test-00060,legitimate_smartphone,test,invoice,jpg,source_documents/test/test-00060/test-00060-invoice.jpg,reference_texts/test/test-00060/test-00060-invoice.txt,smartphone_photo,minimal_gray,VANNERIE DU BOISLE,00722033800037,FR53007220338,ORALIA SICOV & OPTIM,01695093300065,FAC-202511-0060,,,2025-11-07,2025-12-07,,EUR,9225.43,1845.09,11070.52,FR7680210319813715956656115,PCPYDGRO,False,False,False,
test-00061-invoice,test-00061,forged_amount_pdf,test,invoice,pdf,source_documents/test/test-00061/test-00061-invoice.pdf,reference_texts/test/test-00061/test-00061-invoice.txt,clean_pdf,civic_red,DOUKA BE COMBANI,02404912400076,FR45024049124,DOUKA BE TSOUNDZOU 2,02404912400175,FAC-202510-0061,,,2025-10-07,2025-11-06,,EUR,4607.15,921.43,5678.57,FR7682279581116070637509223,WJEWPMEO,True,False,False,Montant TTC incoherent avec le detail des lignes.
test-00062-invoice,test-00062,forged_amount_pdf,test,invoice,pdf,source_documents/test/test-00062/test-00062-invoice.pdf,reference_texts/test/test-00062/test-00062-invoice.txt,clean_pdf,midnight_navy,SNC MCBTP,02406684700013,FR58024066847,DOUKA NAMOHAKO,02406985800025,FAC-202510-0062,,,2025-10-13,2025-11-12,,EUR,5425.12,1085.02,6660.13,FR7657852394438005847055088,QVFHZQQT,True,False,False,Montant TTC incoherent avec le detail des lignes.
test-00063-invoice,test-00063,forged_identifier_scan,test,invoice,png,source_documents/test/test-00063/test-00063-invoice.png,reference_texts/test/test-00063/test-00063-invoice.txt,pixelated_scan,heritage_burgundy,B.P,02406911400034,FR69024069114,C.A.D.D.A.C.,00628030900102,FAC-202601-0063,,,2026-01-20,2026-02-19,,EUR,9154.88,1830.98,10985.86,FR7643159569554907611916330,DJDANOZQ,True,False,False,Identifiant fournisseur potentiellement falsifie.
test-00064-invoice,test-00064,forged_identifier_scan,test,invoice,png,source_documents/test/test-00064/test-00064-invoice.png,reference_texts/test/test-00064/test-00064-invoice.txt,pixelated_scan,sand_gold,DOUKA BE COMBANI,02404912400079,FR45024049124,JO LE TAXI,02405115300021,FAC-202603-0064,,,2026-03-12,2026-04-11,,EUR,4353.75,870.75,5224.50,FR7665107270528142188259281,QAAZMPEH,True,False,False,Identifiant fournisseur potentiellement falsifie.
test-00065-invoice,test-00065,invoice_quote_mismatch,test,invoice,pdf,source_documents/test/test-00065/test-00065-invoice.pdf,reference_texts/test/test-00065/test-00065-invoice.txt,clean_pdf,corporate_blue,COOL VOYAGES,02406785200012,FR66024067852,DISTRICT DE DOLE,01625002900622,FAC-202512-0065,,,2025-12-16,2026-01-15,,EUR,3327.86,665.57,3993.43,FR7659764107208006915289877,FTATXJFF,False,False,True,Le devis et la facture n'ont pas le meme montant.
test-00065-quote,test-00065,invoice_quote_mismatch,test,quote,pdf,source_documents/test/test-00065/test-00065-quote.pdf,reference_texts/test/test-00065/test-00065-quote.txt,clean_pdf,corporate_blue,COOL VOYAGES,02406785200012,FR66024067852,DISTRICT DE DOLE,01625002900622,,DEV-202512-0065,,2025-12-10,2026-01-09,,EUR,3144.53,628.90,3773.43,,,False,False,True,Devis commercial lie a la facture. | Le devis et la facture n'ont pas le meme montant.
test-00066-invoice,test-00066,invoice_quote_mismatch,test,invoice,pdf,source_documents/test/test-00066/test-00066-invoice.pdf,reference_texts/test/test-00066/test-00066-invoice.txt,clean_pdf,civic_red,LOULOU BEAUTE,02406830600018,FR70024068306,FOTOKABINE MAYOTTE,02406528600056,FAC-202507-0066,,,2025-07-30,2025-08-29,,EUR,9079.41,1815.88,10895.29,FR7607836361762951330209085,ODYFIWYM,False,False,True,Le devis et la facture n'ont pas le meme montant.
test-00066-quote,test-00066,invoice_quote_mismatch,test,quote,pdf,source_documents/test/test-00066/test-00066-quote.pdf,reference_texts/test/test-00066/test-00066-quote.txt,clean_pdf,civic_red,LOULOU BEAUTE,02406830600018,FR70024068306,FOTOKABINE MAYOTTE,02406528600056,,DEV-202507-0066,,2025-07-24,2025-08-23,,EUR,8896.08,1779.21,10675.29,,,False,False,True,Devis commercial lie a la facture. | Le devis et la facture n'ont pas le meme montant.
test-00067-invoice,test-00067,expired_attestation,test,invoice,pdf,source_documents/test/test-00067/test-00067-invoice.pdf,reference_texts/test/test-00067/test-00067-invoice.txt,clean_pdf,corporate_blue,DOUKA BE BANDRELE,02404912400100,FR45024049124,DEMOUSELLE TERTIAIRE,00582037800239,FAC-202510-0067,,,2025-10-10,2025-11-09,,EUR,8522.92,1704.58,10227.50,FR7604781130334055539725127,GHEFWDSO,False,True,True,Attestation hors validite.
test-00067-attestation,test-00067,expired_attestation,test,attestation,pdf,source_documents/test/test-00067/test-00067-attestation.pdf,reference_texts/test/test-00067/test-00067-attestation.txt,clean_pdf,corporate_blue,DOUKA BE BANDRELE,02404912400100,FR45024049124,DEMOUSELLE TERTIAIRE,00582037800239,,,ATTEST-202510-0067,2025-10-10,,2025-10-02,EUR,0.00,0.00,0.00,,,False,True,True,Document de conformite pour verification fournisseur. | Attestation hors validite.
test-00068-invoice,test-00068,expired_attestation,test,invoice,pdf,source_documents/test/test-00068/test-00068-invoice.pdf,reference_texts/test/test-00068/test-00068-invoice.txt,clean_pdf,midnight_navy,CAR CENTRE,02404706000058,FR61024047060,TSARA BOUTIQUE,02404687200024,FAC-202603-0068,,,2026-03-02,2026-04-01,,EUR,15212.77,3042.55,18255.32,FR7699623400431372711917400,XKQSPZWQ,False,True,True,Attestation hors validite.
test-00068-attestation,test-00068,expired_attestation,test,attestation,pdf,source_documents/test/test-00068/test-00068-attestation.pdf,reference_texts/test/test-00068/test-00068-attestation.txt,clean_pdf,midnight_navy,CAR CENTRE,02404706000058,FR61024047060,TSARA BOUTIQUE,02404687200024,,,ATTEST-202603-0068,2026-03-02,,2026-02-22,EUR,0.00,0.00,0.00,,,False,True,True,Document de conformite pour verification fournisseur. | Attestation hors validite.
test-00069-invoice,test-00069,attestation_siret_mismatch,test,invoice,png,source_documents/test/test-00069/test-00069-invoice.png,reference_texts/test/test-00069/test-00069-invoice.txt,scan_blur_rotation,tech_slate,AMENAGEMENTS SUPPER LUX (A.S.L),02408267900010,FR24024082679,SANDANI RAMLATI,02408407100034,FAC-202511-0069,,,2025-11-11,2025-12-11,,EUR,13149.61,2629.92,15779.53,FR7677446205288592019904744,EFLXFCWZ,False,False,True,
test-00069-attestation,test-00069,attestation_siret_mismatch,test,attestation,png,source_documents/test/test-00069/test-00069-attestation.png,reference_texts/test/test-00069/test-00069-attestation.txt,scan_blur_rotation,tech_slate,AMENAGEMENTS SUPPER LUX (A.S.L),02406684700013,FR58024066847,SANDANI RAMLATI,02408407100034,,,ATTEST-202511-0069,2025-11-11,,2026-03-11,EUR,0.00,0.00,0.00,,,False,False,True,Document de conformite pour verification fournisseur.
test-00070-invoice,test-00070,attestation_siret_mismatch,test,invoice,png,source_documents/test/test-00070/test-00070-invoice.png,reference_texts/test/test-00070/test-00070-invoice.txt,scan_blur_rotation,civic_red,BANGA PIECES AUTO,02405714300034,FR46024057143,SUPER U,00728037300015,FAC-202509-0070,,,2025-09-17,2025-10-17,,EUR,5497.73,1099.55,6597.28,FR7641954829986144091375992,FDYICJTC,False,False,True,
test-00070-attestation,test-00070,attestation_siret_mismatch,test,attestation,png,source_documents/test/test-00070/test-00070-attestation.png,reference_texts/test/test-00070/test-00070-attestation.txt,scan_blur_rotation,civic_red,BANGA PIECES AUTO,01555088200888,FR23015550882,SUPER U,00728037300015,,,ATTEST-202509-0070,2025-09-17,,2026-01-15,EUR,0.00,0.00,0.00,,,False,False,True,Document de conformite pour verification fournisseur.
test-00071-invoice,test-00071,rib_mismatch,test,invoice,pdf,source_documents/test/test-00071/test-00071-invoice.pdf,reference_texts/test/test-00071/test-00071-invoice.txt,clean_pdf,civic_red,PIERRE DE L'YONNE,00708077300232,FR10007080773,JOLICAPRICE,01585158700061,FAC-202601-0071,,,2026-01-16,2026-02-15,,EUR,10236.30,2047.26,12283.56,FR7651184893071976669889116,ALKJYMWL,False,False,True,
test-00071-rib,test-00071,rib_mismatch,test,rib,pdf,source_documents/test/test-00071/test-00071-rib.pdf,reference_texts/test/test-00071/test-00071-rib.txt,clean_pdf,civic_red,E.E.C.F,00708077300232,FR10007080773,JOLICAPRICE,01585158700061,,,,2026-01-16,,,EUR,0.00,0.00,0.00,FR7651184893071976669889116,ALKJYMWL,False,False,True,Coordonnees bancaires fournisseur.
test-00072-invoice,test-00072,rib_mismatch,test,invoice,pdf,source_documents/test/test-00072/test-00072-invoice.pdf,reference_texts/test/test-00072/test-00072-invoice.txt,clean_pdf,civic_red,SANDAWANA,02405315900034,FR25024053159,CAP MAY,02403853100026,FAC-202603-0072,,,2026-03-06,2026-04-05,,EUR,4977.95,995.59,5973.54,FR7609474408272172936710204,RBUKPKYC,False,False,True,
test-00072-rib,test-00072,rib_mismatch,test,rib,pdf,source_documents/test/test-00072/test-00072-rib.pdf,reference_texts/test/test-00072/test-00072-rib.txt,clean_pdf,civic_red,MACONNERIE 2003,02405315900034,FR25024053159,CAP MAY,02403853100026,,,,2026-03-06,,,EUR,0.00,0.00,0.00,FR7609474408272172936710204,RBUKPKYC,False,False,True,Coordonnees bancaires fournisseur.
test-00073-invoice,test-00073,missing_field_scan,test,invoice,png,source_documents/test/test-00073/test-00073-invoice.png,reference_texts/test/test-00073/test-00073-invoice.txt,low_contrast_scan,corporate_blue,DOUKA BE MTSAHARA,02404912400431,FR45024049124,KOTRI,02405831500029,FAC-202508-0073,,,2025-08-04,,,EUR,4291.68,858.34,5150.02,FR7663429190591686363233018,COYTSBMA,False,False,False,La date d'echeance est absente du document.
test-00074-invoice,test-00074,missing_field_scan,test,invoice,png,source_documents/test/test-00074/test-00074-invoice.png,reference_texts/test/test-00074/test-00074-invoice.txt,low_contrast_scan,sand_gold,DOUKA BE TSOUNDZOU 2,02404912400175,FR45024049124,JOLICAPRICE,01585158700061,FAC-202603-0074,,,2026-03-06,,,EUR,11795.30,2359.06,14154.36,FR7651633859948946713489791,JDWOYWQX,False,False,False,La date d'echeance est absente du document.
