doc_id,case_id,scenario_id,split,doc_type,source_type,file_format,relative_path,clean_text_path,quality_profile,style_id,supplier_name,supplier_siret,supplier_vat,customer_name,customer_siret,invoice_number,quote_number,attestation_reference,issue_date,due_date,expiration_date,currency,amount_ht,amount_tva,amount_ttc,iban,bic,is_forged,is_expired,has_cross_doc_inconsistency,source_url,notes
train-00001-invoice,train-00001,legitimate_pdf,train,invoice,synthetic,pdf,raw/train/train-00001/train-00001-invoice.pdf,clean/train/train-00001/train-00001-invoice.txt,clean_pdf,midnight_navy,VRD SOULAIMANA FILS,02405890100026,FR82024058901,SUD MENUISERIE ET BTP,02405244100011,FAC-202603-0001,,,2026-03-12,2026-04-11,,EUR,6125.89,1225.18,7351.07,FR7664633188130713788573539,WYQJQFEB,False,False,False,,
train-00002-invoice,train-00002,legitimate_pdf,train,invoice,synthetic,pdf,raw/train/train-00002/train-00002-invoice.pdf,clean/train/train-00002/train-00002-invoice.txt,clean_pdf,heritage_burgundy,DISTRICT DE LEVET,01625002900796,FR33016250029,LE FIACRE,00732021100035,FAC-202510-0002,,,2025-10-28,2025-11-27,,EUR,10013.30,2002.66,12015.96,FR7644153912327108538381889,FSTOLMFZ,False,False,False,,
train-00003-invoice,train-00003,legitimate_pdf,train,invoice,synthetic,pdf,raw/train/train-00003/train-00003-invoice.pdf,clean/train/train-00003/train-00003-invoice.txt,clean_pdf,tech_slate,MAGASIN DES ILES,02404569200035,FR31024045692,DORAS,01585179300453,FAC-202510-0003,,,2025-10-12,2025-11-11,,EUR,3109.24,621.85,3731.09,FR7693549574560198208123661,LLXHXBTK,False,False,False,,
train-00004-invoice,train-00004,legitimate_pdf,train,invoice,synthetic,pdf,raw/train/train-00004/train-00004-invoice.pdf,clean/train/train-00004/train-00004-invoice.txt,clean_pdf,sand_gold,LA BRIOCHE DOREE,01545121400041,FR70015451214,BLANC RENE,00634188700039,FAC-202603-0004,,,2026-03-11,2026-04-10,,EUR,12854.14,2570.83,15424.97,FR7615601005757419941392368,UHRADCER,False,False,False,,
train-00005-invoice,train-00005,legitimate_pdf,train,invoice,synthetic,pdf,raw/train/train-00005/train-00005-invoice.pdf,clean/train/train-00005/train-00005-invoice.txt,clean_pdf,heritage_burgundy,DOUKA BE,02404912400027,FR45024049124,FABRICE GILLOTTE,01575114200017,FAC-202602-0005,,,2026-02-16,2026-03-18,,EUR,5748.72,1149.74,6898.46,FR7616006722740436114412734,GPJUBNOA,False,False,False,,
train-00006-invoice,train-00006,legitimate_pdf,train,invoice,synthetic,pdf,raw/train/train-00006/train-00006-invoice.pdf,clean/train/train-00006/train-00006-invoice.txt,clean_pdf,minimal_gray,ETS J. VIRLY,01675069700126,FR89016750697,DORAS,01585179300420,FAC-202603-0006,,,2026-03-09,2026-04-08,,EUR,6386.75,1277.35,7664.10,FR7642609722430435731143576,IRIJLKQO,False,False,False,,
train-00007-invoice,train-00007,legitimate_scan,train,invoice,synthetic,png,raw/train/train-00007/train-00007-invoice.png,clean/train/train-00007/train-00007-invoice.txt,scan_blur_rotation,heritage_burgundy,AUDIT GESTION CONSEIL,01735137000113,FR42017351370,EPICERIE NAFASSI,02406496600021,FAC-202510-0007,,,2025-10-01,2025-10-31,,EUR,7225.78,1445.16,8670.94,FR7664938780352474319220440,HAZXDJDU,False,False,False,,
train-00008-invoice,train-00008,legitimate_scan,train,invoice,synthetic,png,raw/train/train-00008/train-00008-invoice.png,clean/train/train-00008/train-00008-invoice.txt,scan_blur_rotation,sand_gold,L'ENFANT NOIR,02405142700011,FR67024051427,FAMILLE CHERON / HERITIERS MISSET CHERON,01555065000046,FAC-202508-0008,,,2025-08-28,2025-09-27,,EUR,4950.60,990.12,5940.72,FR7605266452671210987938287,XHBWFRUF,False,False,False,,
train-00009-invoice,train-00009,legitimate_scan,train,invoice,synthetic,png,raw/train/train-00009/train-00009-invoice.png,clean/train/train-00009/train-00009-invoice.txt,scan_blur_rotation,ocean_teal,KALO,02405535200033,FR08024055352,DORAS,01585179300131,FAC-202510-0009,,,2025-10-19,2025-11-18,,EUR,1731.46,346.29,2077.75,FR7678667932366938461892575,JDOQISLB,False,False,False,,
train-00010-invoice,train-00010,legitimate_scan,train,invoice,synthetic,png,raw/train/train-00010/train-00010-invoice.png,clean/train/train-00010/train-00010-invoice.txt,scan_blur_rotation,tech_slate,DEMOUSELLE TERTIAIRE,00582037800239,FR79005820378,GAZONS MAYOTTE SERVICES VERTS,02403807700020,FAC-202603-0010,,,2026-03-08,2026-04-07,,EUR,1996.35,399.27,2395.62,FR7692911787938704877848075,BQRVESXG,False,False,False,,
train-00011-invoice,train-00011,legitimate_scan,train,invoice,synthetic,png,raw/train/train-00011/train-00011-invoice.png,clean/train/train-00011/train-00011-invoice.txt,scan_blur_rotation,civic_red,MAGASIN MASSOULAHA,02403735000014,FR31024037350,DORAS,01585179300131,FAC-202512-0011,,,2025-12-07,2026-01-06,,EUR,1870.02,374.00,2244.02,FR7651848859244568409404878,QLLPZUZS,False,False,False,,
train-00012-invoice,train-00012,legitimate_scan,train,invoice,synthetic,png,raw/train/train-00012/train-00012-invoice.png,clean/train/train-00012/train-00012-invoice.txt,scan_blur_rotation,sand_gold,KASSIMEX,02405693900010,FR16024056939,MARTIN CARRELAGE,01585179300974,FAC-202508-0012,,,2025-08-21,2025-09-20,,EUR,8413.70,1682.74,10096.44,FR7673372596097627064714955,JTVRDKNH,False,False,False,,
train-00013-invoice,train-00013,legitimate_smartphone,train,invoice,synthetic,jpg,raw/train/train-00013/train-00013-invoice.jpg,clean/train/train-00013/train-00013-invoice.txt,smartphone_photo,midnight_navy,ACTEMIUM ABBEVILLE,00582037800031,FR79005820378,DORAS,01585179300271,FAC-202601-0013,,,2026-01-05,2026-02-04,,EUR,6156.45,1231.29,7387.74,FR7699708390786051493720294,CMAYISXF,False,False,False,,
train-00014-invoice,train-00014,legitimate_smartphone,train,invoice,synthetic,jpg,raw/train/train-00014/train-00014-invoice.jpg,clean/train/train-00014/train-00014-invoice.txt,smartphone_photo,compliance_green,L'ALCOVE,01565092200048,FR25015650922,DOUKA BE MTSANGAMOUJI,02404912400449,FAC-202512-0014,,,2025-12-08,2026-01-07,,EUR,11454.05,2290.81,13744.86,FR7687899190056515230163811,NOYOLPTX,False,False,False,,
train-00015-invoice,train-00015,legitimate_smartphone,train,invoice,synthetic,jpg,raw/train/train-00015/train-00015-invoice.jpg,clean/train/train-00015/train-00015-invoice.txt,smartphone_photo,heritage_burgundy,BOULANGERIE MAMIE,02406371100048,FR59024063711,SUD CONSTRUCTION,02403701200036,FAC-202507-0015,,,2025-07-27,2025-08-26,,EUR,12622.73,2524.55,15147.28,FR7694137545948011877815361,XVBAPGAT,False,False,False,,
train-00016-invoice,train-00016,legitimate_smartphone,train,invoice,synthetic,jpg,raw/train/train-00016/train-00016-invoice.jpg,clean/train/train-00016/train-00016-invoice.txt,smartphone_photo,tech_slate,FABRICE GILLOTTE,01575114200017,FR82015751142,OUVOIMOJA PAPA,02406033700029,FAC-202510-0016,,,2025-10-01,2025-10-31,,EUR,8388.84,1677.77,10066.61,FR7669290635964256259586921,YWNZJZAY,False,False,False,,
train-00017-invoice,train-00017,forged_amount_pdf,train,invoice,synthetic,pdf,raw/train/train-00017/train-00017-invoice.pdf,clean/train/train-00017/train-00017-invoice.txt,clean_pdf,midnight_navy,LE SYMPA SNACK,00554155200039,FR32005541552,PLANET'CHAUSS,02407118500011,FAC-202507-0017,,,2025-07-25,2025-08-24,,EUR,7367.80,1473.56,8991.35,FR7634795191527283449817205,RYLCEKBW,True,False,False,,Montant TTC incoherent avec le detail des lignes.
train-00018-invoice,train-00018,forged_amount_pdf,train,invoice,synthetic,pdf,raw/train/train-00018/train-00018-invoice.pdf,clean/train/train-00018/train-00018-invoice.txt,clean_pdf,midnight_navy,HAVANA CAFE,02403950500011,FR94024039505,DOLMEN RENNES PACE,00708077300182,FAC-202601-0018,,,2026-01-21,2026-02-20,,EUR,11482.00,2296.40,13928.39,FR7600691960695609048464979,RNULNEUL,True,False,False,,Montant TTC incoherent avec le detail des lignes.
train-00019-invoice,train-00019,forged_amount_pdf,train,invoice,synthetic,pdf,raw/train/train-00019/train-00019-invoice.pdf,clean/train/train-00019/train-00019-invoice.txt,clean_pdf,minimal_gray,C.E.M,02404098200027,FR63024040982,APRR,01625002901216,FAC-202510-0019,,,2025-10-25,2025-11-24,,EUR,2715.84,543.17,3409.00,FR7681574532463170525838700,WDZVPNSI,True,False,False,,Montant TTC incoherent avec le detail des lignes.
train-00020-invoice,train-00020,forged_amount_pdf,train,invoice,synthetic,pdf,raw/train/train-00020/train-00020-invoice.pdf,clean/train/train-00020/train-00020-invoice.txt,clean_pdf,minimal_gray,ENT. DE MENUISERIE A. MUGNIER,01555140100035,FR28015551401,DALI,02404052900026,FAC-202510-0020,,,2025-10-27,2025-11-26,,EUR,5560.48,1112.10,6822.57,FR7666845800879284037370431,HNAAGXME,True,False,False,,Montant TTC incoherent avec le detail des lignes.
train-00021-invoice,train-00021,forged_identifier_scan,train,invoice,synthetic,png,raw/train/train-00021/train-00021-invoice.png,clean/train/train-00021/train-00021-invoice.txt,pixelated_scan,heritage_burgundy,SFR,02407217500121,FR37024072175,SANDAWANA,02405315900042,FAC-202508-0021,,,2025-08-11,2025-09-10,,EUR,9867.79,1973.56,11841.35,FR7612674412535598579773872,FULUFVTV,True,False,False,,Identifiant fournisseur potentiellement falsifie.
train-00022-invoice,train-00022,forged_identifier_scan,train,invoice,synthetic,png,raw/train/train-00022/train-00022-invoice.png,clean/train/train-00022/train-00022-invoice.txt,pixelated_scan,minimal_gray,EIFFAGE CONSTRUCTION BOURGOGNE FRANCHE COMTE AMEL,01545141200093,FR82015451412,CYBER IDEALE,02403753300023,FAC-202601-0022,,,2026-01-06,2026-02-05,,EUR,6120.66,1224.13,7344.79,FR7658464936039212058595385,BEDETQHX,True,False,False,,Identifiant fournisseur potentiellement falsifie.
train-00023-invoice,train-00023,forged_identifier_scan,train,invoice,synthetic,png,raw/train/train-00023/train-00023-invoice.png,clean/train/train-00023/train-00023-invoice.txt,pixelated_scan,minimal_gray,DOUKA BE KOUNGOU,02404912400210,FR45024049124,ENTREPRISE TSARA,02405995800017,FAC-202509-0023,,,2025-09-16,2025-10-16,,EUR,6062.31,1212.46,7274.77,FR7689510109159427182999131,VFNQCPAJ,True,False,False,,Identifiant fournisseur potentiellement falsifie.
train-00024-invoice,train-00024,forged_identifier_scan,train,invoice,synthetic,png,raw/train/train-00024/train-00024-invoice.png,clean/train/train-00024/train-00024-invoice.txt,pixelated_scan,industrial_orange,CARRIERES MEN ARVOR,00708077300359,FR10007080773,OCEANIC,00678051400045,FAC-202510-0024,,,2025-10-18,2025-11-17,,EUR,4714.18,942.84,5657.02,FR7671462489442694578077660,SPHODUSU,True,False,False,,Identifiant fournisseur potentiellement falsifie.
train-00025-invoice,train-00025,invoice_quote_mismatch,train,invoice,synthetic,pdf,raw/train/train-00025/train-00025-invoice.pdf,clean/train/train-00025/train-00025-invoice.txt,clean_pdf,minimal_gray,LE FIACRE,00732021100035,FR39007320211,ETABLISSEMENTS GUERARD,01638003200058,FAC-202511-0025,,,2025-11-13,2025-12-13,,EUR,15261.39,3052.28,18313.67,FR7692158293362518011364343,IXQMMVMN,False,False,True,,Le devis et la facture n'ont pas le meme montant.
train-00025-quote,train-00025,invoice_quote_mismatch,train,quote,synthetic,pdf,raw/train/train-00025/train-00025-quote.pdf,clean/train/train-00025/train-00025-quote.txt,clean_pdf,minimal_gray,LE FIACRE,00732021100035,FR39007320211,ETABLISSEMENTS GUERARD,01638003200058,,DEV-202511-0025,,2025-11-07,2025-12-07,,EUR,15078.06,3015.61,18093.67,,,False,False,True,,Devis commercial lie a la facture. | Le devis et la facture n'ont pas le meme montant.
train-00026-invoice,train-00026,invoice_quote_mismatch,train,invoice,synthetic,pdf,raw/train/train-00026/train-00026-invoice.pdf,clean/train/train-00026/train-00026-invoice.txt,clean_pdf,sand_gold,JOUONGOUNI,02404083400020,FR07024040834,DOUKA BE KAWENI,02404912400407,FAC-202601-0026,,,2026-01-13,2026-02-12,,EUR,8286.21,1657.24,9943.45,FR7638109609589979503247759,LDPGASAA,False,False,True,,Le devis et la facture n'ont pas le meme montant.
train-00026-quote,train-00026,invoice_quote_mismatch,train,quote,synthetic,pdf,raw/train/train-00026/train-00026-quote.pdf,clean/train/train-00026/train-00026-quote.txt,clean_pdf,sand_gold,JOUONGOUNI,02404083400020,FR07024040834,DOUKA BE KAWENI,02404912400407,,DEV-202601-0026,,2026-01-07,2026-02-06,,EUR,8102.88,1620.57,9723.45,,,False,False,True,,Devis commercial lie a la facture. | Le devis et la facture n'ont pas le meme montant.
train-00027-invoice,train-00027,invoice_quote_mismatch,train,invoice,synthetic,pdf,raw/train/train-00027/train-00027-invoice.pdf,clean/train/train-00027/train-00027-invoice.txt,clean_pdf,sand_gold,ROCHE VILAINE OCEAN,00738004100074,FR79007380041,MAECHA CONSTRUCTION,02404876100035,FAC-202603-0027,,,2026-03-06,2026-04-05,,EUR,14436.42,2887.28,17323.70,FR7647723268246591636061572,KBPHSOVX,False,False,True,,Le devis et la facture n'ont pas le meme montant.
train-00027-quote,train-00027,invoice_quote_mismatch,train,quote,synthetic,pdf,raw/train/train-00027/train-00027-quote.pdf,clean/train/train-00027/train-00027-quote.txt,clean_pdf,sand_gold,ROCHE VILAINE OCEAN,00738004100074,FR79007380041,MAECHA CONSTRUCTION,02404876100035,,DEV-202603-0027,,2026-02-28,2026-03-30,,EUR,14253.08,2850.62,17103.70,,,False,False,True,,Devis commercial lie a la facture. | Le devis et la facture n'ont pas le meme montant.
train-00028-invoice,train-00028,invoice_quote_mismatch,train,invoice,synthetic,pdf,raw/train/train-00028/train-00028-invoice.pdf,clean/train/train-00028/train-00028-invoice.txt,clean_pdf,ocean_teal,SFR,02407217500094,FR37024072175,AUTODISTRIBUTION HERBEMONT,01555088200920,FAC-202508-0028,,,2025-08-15,2025-09-14,,EUR,6991.63,1398.33,8389.96,FR7696712416331967949146638,HZXCDTUL,False,False,True,,Le devis et la facture n'ont pas le meme montant.
train-00028-quote,train-00028,invoice_quote_mismatch,train,quote,synthetic,pdf,raw/train/train-00028/train-00028-quote.pdf,clean/train/train-00028/train-00028-quote.txt,clean_pdf,ocean_teal,SFR,02407217500094,FR37024072175,AUTODISTRIBUTION HERBEMONT,01555088200920,,DEV-202508-0028,,2025-08-09,2025-09-08,,EUR,6808.30,1361.66,8169.96,,,False,False,True,,Devis commercial lie a la facture. | Le devis et la facture n'ont pas le meme montant.
train-00029-invoice,train-00029,expired_attestation,train,invoice,synthetic,pdf,raw/train/train-00029/train-00029-invoice.pdf,clean/train/train-00029/train-00029-invoice.txt,clean_pdf,midnight_navy,SUD CONSTRUCTION,02403701200036,FR84024037012,MPPI,01585179301105,FAC-202507-0029,,,2025-07-20,2025-08-19,,EUR,1996.91,399.38,2396.29,FR7642781820909570737017283,MFAQDYQH,False,True,True,,Attestation hors validite.
train-00029-attestation,train-00029,expired_attestation,train,attestation,synthetic,pdf,raw/train/train-00029/train-00029-attestation.pdf,clean/train/train-00029/train-00029-attestation.txt,clean_pdf,midnight_navy,SUD CONSTRUCTION,02403701200036,FR84024037012,MPPI,01585179301105,,,ATTEST-202507-0029,2025-07-20,,2025-07-12,EUR,0.00,0.00,0.00,,,False,True,True,,Document de conformite pour verification fournisseur. | Attestation hors validite.
train-00030-invoice,train-00030,expired_attestation,train,invoice,synthetic,pdf,raw/train/train-00030/train-00030-invoice.pdf,clean/train/train-00030/train-00030-invoice.txt,clean_pdf,heritage_burgundy,DISTRICT DE LEVET,01625002900796,FR33016250029,E.C.E ENTREPRISE CARREAUX ET ENTRETIEN,02407034400023,FAC-202510-0030,,,2025-10-24,2025-11-23,,EUR,9649.03,1929.81,11578.84,FR7680378251765573379658930,AZXJRXHG,False,True,True,,Attestation hors validite.
train-00030-attestation,train-00030,expired_attestation,train,attestation,synthetic,pdf,raw/train/train-00030/train-00030-attestation.pdf,clean/train/train-00030/train-00030-attestation.txt,clean_pdf,heritage_burgundy,DISTRICT DE LEVET,01625002900796,FR33016250029,E.C.E ENTREPRISE CARREAUX ET ENTRETIEN,02407034400023,,,ATTEST-202510-0030,2025-10-24,,2025-10-16,EUR,0.00,0.00,0.00,,,False,True,True,,Document de conformite pour verification fournisseur. | Attestation hors validite.
train-00031-invoice,train-00031,expired_attestation,train,invoice,synthetic,pdf,raw/train/train-00031/train-00031-invoice.pdf,clean/train/train-00031/train-00031-invoice.txt,clean_pdf,ocean_teal,OUVOIMOJA PAPA,02406033700029,FR25024060337,MAYOTTE HYGIENE EXPRESS,02405355500041,FAC-202511-0031,,,2025-11-07,2025-12-07,,EUR,6617.53,1323.51,7941.04,FR7659100765551073978677521,UVGBDCER,False,True,True,,Attestation hors validite.
train-00031-attestation,train-00031,expired_attestation,train,attestation,synthetic,pdf,raw/train/train-00031/train-00031-attestation.pdf,clean/train/train-00031/train-00031-attestation.txt,clean_pdf,ocean_teal,OUVOIMOJA PAPA,02406033700029,FR25024060337,MAYOTTE HYGIENE EXPRESS,02405355500041,,,ATTEST-202511-0031,2025-11-07,,2025-10-30,EUR,0.00,0.00,0.00,,,False,True,True,,Document de conformite pour verification fournisseur. | Attestation hors validite.
train-00032-invoice,train-00032,expired_attestation,train,invoice,synthetic,pdf,raw/train/train-00032/train-00032-invoice.pdf,clean/train/train-00032/train-00032-invoice.txt,clean_pdf,sand_gold,LAUDIS,02404345700027,FR19024043457,HOTEL RESTAURANT LE PROVENCE,00734156300034,FAC-202509-0032,,,2025-09-25,2025-10-25,,EUR,12596.97,2519.39,15116.36,FR7610115114065429453603809,BDWDPCVX,False,True,True,,Attestation hors validite.
train-00032-attestation,train-00032,expired_attestation,train,attestation,synthetic,pdf,raw/train/train-00032/train-00032-attestation.pdf,clean/train/train-00032/train-00032-attestation.txt,clean_pdf,sand_gold,LAUDIS,02404345700027,FR19024043457,HOTEL RESTAURANT LE PROVENCE,00734156300034,,,ATTEST-202509-0032,2025-09-25,,2025-09-17,EUR,0.00,0.00,0.00,,,False,True,True,,Document de conformite pour verification fournisseur. | Attestation hors validite.
train-00033-invoice,train-00033,attestation_siret_mismatch,train,invoice,synthetic,png,raw/train/train-00033/train-00033-invoice.png,clean/train/train-00033/train-00033-invoice.txt,scan_blur_rotation,civic_red,MANONGA LAZA,02406934600013,FR86024069346,SNC MCBTP,02406684700013,FAC-202508-0033,,,2025-08-08,2025-09-07,,EUR,8613.78,1722.76,10336.54,FR7635106652963625022447277,DDQSDZZR,False,False,True,,
train-00033-attestation,train-00033,attestation_siret_mismatch,train,attestation,synthetic,png,raw/train/train-00033/train-00033-attestation.png,clean/train/train-00033/train-00033-attestation.txt,scan_blur_rotation,civic_red,MANONGA LAZA,02403660000021,FR12024036600,SNC MCBTP,02406684700013,,,ATTEST-202508-0033,2025-08-08,,2025-12-06,EUR,0.00,0.00,0.00,,,False,False,True,,Document de conformite pour verification fournisseur.
train-00034-invoice,train-00034,attestation_siret_mismatch,train,invoice,synthetic,png,raw/train/train-00034/train-00034-invoice.png,clean/train/train-00034/train-00034-invoice.txt,scan_blur_rotation,minimal_gray,VANNERIE DU BOISLE,00722033800037,FR53007220338,JUSTE A COTE,02405478500027,FAC-202601-0034,,,2026-01-26,2026-02-25,,EUR,5237.29,1047.46,6284.75,FR7654137231195911121495288,QYIIHXNP,False,False,True,,
train-00034-attestation,train-00034,attestation_siret_mismatch,train,attestation,synthetic,png,raw/train/train-00034/train-00034-attestation.png,clean/train/train-00034/train-00034-attestation.txt,scan_blur_rotation,minimal_gray,VANNERIE DU BOISLE,01585179301113,FR74015851793,JUSTE A COTE,02405478500027,,,ATTEST-202601-0034,2026-01-26,,2026-05-26,EUR,0.00,0.00,0.00,,,False,False,True,,Document de conformite pour verification fournisseur.
train-00035-invoice,train-00035,attestation_siret_mismatch,train,invoice,synthetic,png,raw/train/train-00035/train-00035-invoice.png,clean/train/train-00035/train-00035-invoice.txt,scan_blur_rotation,corporate_blue,SUPER U,00728037300015,FR29007280373,GOLF CLUB LA BAULE,00578096000083,FAC-202509-0035,,,2025-09-30,2025-10-30,,EUR,2246.04,449.21,2695.25,FR7632870081783757374104185,VLAFLFAG,False,False,True,,
train-00035-attestation,train-00035,attestation_siret_mismatch,train,attestation,synthetic,png,raw/train/train-00035/train-00035-attestation.png,clean/train/train-00035/train-00035-attestation.txt,scan_blur_rotation,corporate_blue,SUPER U,01585179300875,FR74015851793,GOLF CLUB LA BAULE,00578096000083,,,ATTEST-202509-0035,2025-09-30,,2026-01-28,EUR,0.00,0.00,0.00,,,False,False,True,,Document de conformite pour verification fournisseur.
train-00036-invoice,train-00036,attestation_siret_mismatch,train,invoice,synthetic,png,raw/train/train-00036/train-00036-invoice.png,clean/train/train-00036/train-00036-invoice.txt,scan_blur_rotation,sand_gold,SIPA,01585028200029,FR03015850282,ENTREPRISE GOULAMHOUSSEN FIDAHOUSSEN,02405498300010,FAC-202508-0036,,,2025-08-02,2025-09-01,,EUR,8996.57,1799.31,10795.88,FR7603632211347579151797549,HEZHUZTA,False,False,True,,
train-00036-attestation,train-00036,attestation_siret_mismatch,train,attestation,synthetic,png,raw/train/train-00036/train-00036-attestation.png,clean/train/train-00036/train-00036-attestation.txt,scan_blur_rotation,sand_gold,SIPA,01675055600041,FR54016750556,ENTREPRISE GOULAMHOUSSEN FIDAHOUSSEN,02405498300010,,,ATTEST-202508-0036,2025-08-02,,2025-11-30,EUR,0.00,0.00,0.00,,,False,False,True,,Document de conformite pour verification fournisseur.
train-00037-invoice,train-00037,rib_mismatch,train,invoice,synthetic,pdf,raw/train/train-00037/train-00037-invoice.pdf,clean/train/train-00037/train-00037-invoice.txt,clean_pdf,sand_gold,COMPTA SERVICE,01715120000676,FR59017151200,MPPI,01585179301113,FAC-202512-0037,,,2025-12-16,2026-01-15,,EUR,7095.14,1419.03,8514.17,FR7619825323282153789914679,JIRDJWWT,False,False,True,,
train-00037-rib,train-00037,rib_mismatch,train,rib,synthetic,pdf,raw/train/train-00037/train-00037-rib.pdf,clean/train/train-00037/train-00037-rib.txt,clean_pdf,sand_gold,DORAS,01715120000676,FR59017151200,MPPI,01585179301113,,,,2025-12-16,,,EUR,0.00,0.00,0.00,FR7619825323282153789914679,JIRDJWWT,False,False,True,,Coordonnees bancaires fournisseur.
train-00038-invoice,train-00038,rib_mismatch,train,invoice,synthetic,pdf,raw/train/train-00038/train-00038-invoice.pdf,clean/train/train-00038/train-00038-invoice.txt,clean_pdf,corporate_blue,SNC MCBTP,02406684700013,FR58024066847,MARTIN CARRELAGE,01585179300974,FAC-202601-0038,,,2026-01-09,2026-02-08,,EUR,10799.74,2159.95,12959.69,FR7699564727554129036630218,ZSSQTGRN,False,False,True,,
train-00038-rib,train-00038,rib_mismatch,train,rib,synthetic,pdf,raw/train/train-00038/train-00038-rib.pdf,clean/train/train-00038/train-00038-rib.txt,clean_pdf,corporate_blue,TAXI BARAKA,02406684700013,FR58024066847,MARTIN CARRELAGE,01585179300974,,,,2026-01-09,,,EUR,0.00,0.00,0.00,FR7699564727554129036630218,ZSSQTGRN,False,False,True,,Coordonnees bancaires fournisseur.
train-00039-invoice,train-00039,rib_mismatch,train,invoice,synthetic,pdf,raw/train/train-00039/train-00039-invoice.pdf,clean/train/train-00039/train-00039-invoice.txt,clean_pdf,tech_slate,CHARMY - DOMAINE DE CHARMY - COMTE GAETAN DE CHARMY,01625008600077,FR10016250086,PASSIONNEMENT GLAMOUR,00545009300033,FAC-202601-0039,,,2026-01-23,2026-02-22,,EUR,4115.74,823.15,4938.89,FR7653441026164135707581170,SGZWTWND,False,False,True,,
train-00039-rib,train-00039,rib_mismatch,train,rib,synthetic,pdf,raw/train/train-00039/train-00039-rib.pdf,clean/train/train-00039/train-00039-rib.txt,clean_pdf,tech_slate,PACOTTE ET MIGNOTTE,01625008600077,FR10016250086,PASSIONNEMENT GLAMOUR,00545009300033,,,,2026-01-23,,,EUR,0.00,0.00,0.00,FR7653441026164135707581170,SGZWTWND,False,False,True,,Coordonnees bancaires fournisseur.
train-00040-invoice,train-00040,missing_field_scan,train,invoice,synthetic,png,raw/train/train-00040/train-00040-invoice.png,clean/train/train-00040/train-00040-invoice.txt,low_contrast_scan,sand_gold,MAYOTTE PIECES AUTO,02406911400023,FR69024069114,HOTEL ROYAL THALASSO,00578096000026,FAC-202509-0040,,,2025-09-17,,,EUR,7446.48,1489.30,8935.78,FR7674848332978697198048288,GFCJEARU,False,False,False,,La date d'echeance est absente du document.
train-00041-invoice,train-00041,missing_field_scan,train,invoice,synthetic,png,raw/train/train-00041/train-00041-invoice.png,clean/train/train-00041/train-00041-invoice.txt,low_contrast_scan,civic_red,DEMENAGEMENTS D. FRANTZ,01565100300046,FR74015651003,ENTREPRISE MOUSSA MCOLO ABACHIA,02405814100011,FAC-202508-0041,,,2025-08-21,,,EUR,553.73,110.75,664.48,FR7670173645024796137633502,QDNZJFHO,False,False,False,,La date d'echeance est absente du document.
train-00042-invoice,train-00042,missing_field_scan,train,invoice,synthetic,png,raw/train/train-00042/train-00042-invoice.png,clean/train/train-00042/train-00042-invoice.txt,low_contrast_scan,civic_red,DOUKA BE,02404912400282,FR45024049124,COOPERATIVE MARITIME,00708001300027,FAC-202510-0042,,,2025-10-01,,,EUR,11858.92,2371.78,14230.70,FR7669621341547980535980786,GHYIBKOA,False,False,False,,La date d'echeance est absente du document.
validation-00043-invoice,validation-00043,legitimate_pdf,validation,invoice,synthetic,pdf,raw/validation/validation-00043/validation-00043-invoice.pdf,clean/validation/validation-00043/validation-00043-invoice.txt,clean_pdf,sand_gold,DISTRICT DE MONTARGIS,01625002901000,FR33016250029,MENEO,01585179301006,FAC-202602-0043,,,2026-02-01,2026-03-03,,EUR,6467.19,1293.44,7760.63,FR7600068324451320353416228,FAUAWFPB,False,False,False,,
validation-00044-invoice,validation-00044,legitimate_pdf,validation,invoice,synthetic,pdf,raw/validation/validation-00044/validation-00044-invoice.pdf,clean/validation/validation-00044/validation-00044-invoice.txt,clean_pdf,sand_gold,TRANSMECA,02405811700037,FR58024058117,SFR,02407217500128,FAC-202508-0044,,,2025-08-11,2025-09-10,,EUR,9756.86,1951.37,11708.23,FR7664135502193606096765508,XZRJVTVQ,False,False,False,,
validation-00045-invoice,validation-00045,legitimate_scan,validation,invoice,synthetic,png,raw/validation/validation-00045/validation-00045-invoice.png,clean/validation/validation-00045/validation-00045-invoice.txt,scan_blur_rotation,sand_gold,MPPI,01585179300982,FR74015851793,E.E.C.F,02405193000030,FAC-202511-0045,,,2025-11-12,2025-12-12,,EUR,7594.03,1518.81,9112.84,FR7656068475661014288084561,YHPTOJBH,False,False,False,,
validation-00046-invoice,validation-00046,legitimate_scan,validation,invoice,synthetic,png,raw/validation/validation-00046/validation-00046-invoice.png,clean/validation/validation-00046/validation-00046-invoice.txt,scan_blur_rotation,compliance_green,DOUKA BE ACOUA,02404912400209,FR45024049124,FREDERIC MUGNIER,01555145000065,FAC-202602-0046,,,2026-02-04,2026-03-06,,EUR,8698.95,1739.79,10438.74,FR7647088719331938420594203,IQOIKGFN,False,False,False,,
validation-00047-invoice,validation-00047,legitimate_smartphone,validation,invoice,synthetic,jpg,raw/validation/validation-00047/validation-00047-invoice.jpg,clean/validation/validation-00047/validation-00047-invoice.txt,smartphone_photo,minimal_gray,MAGASIN SAYDA BOUTIQUE,02404014900015,FR86024040149,FABRICE GILLOTTE,01575114200017,FAC-202601-0047,,,2026-01-31,2026-03-02,,EUR,9890.79,1978.16,11868.95,FR7658170706512132228563662,UUUTJFAQ,False,False,False,,
validation-00048-invoice,validation-00048,forged_amount_pdf,validation,invoice,synthetic,pdf,raw/validation/validation-00048/validation-00048-invoice.pdf,clean/validation/validation-00048/validation-00048-invoice.txt,clean_pdf,ocean_teal,LE CINTRA - L'ADAGIO,01555034600017,FR64015550346,DORAS,01585179300933,FAC-202602-0048,,,2026-02-02,2026-03-04,,EUR,2392.54,478.51,3021.04,FR7666562310567322287923470,ZYGSHMSU,True,False,False,,Montant TTC incoherent avec le detail des lignes.
validation-00049-invoice,validation-00049,forged_identifier_scan,validation,invoice,synthetic,png,raw/validation/validation-00049/validation-00049-invoice.png,clean/validation/validation-00049/validation-00049-invoice.txt,pixelated_scan,midnight_navy,TRANSMECA,02405811700030,FR58024058117,ACTEMIUM ABBEVILLE,00582037800031,FAC-202511-0049,,,2025-11-12,2025-12-12,,EUR,10164.69,2032.94,12197.63,FR7648746368435188813035115,WKRVFGWZ,True,False,False,,Identifiant fournisseur potentiellement falsifie.
validation-00050-invoice,validation-00050,invoice_quote_mismatch,validation,invoice,synthetic,pdf,raw/validation/validation-00050/validation-00050-invoice.pdf,clean/validation/validation-00050/validation-00050-invoice.txt,clean_pdf,compliance_green,TRANSPORT SALAMA,02404198000012,FR50024041980,NEOTYPO,01575111800033,FAC-202601-0050,,,2026-01-27,2026-02-26,,EUR,3216.07,643.21,3859.28,FR7679115163465411478077621,HCOORDME,False,False,True,,Le devis et la facture n'ont pas le meme montant.
validation-00050-quote,validation-00050,invoice_quote_mismatch,validation,quote,synthetic,pdf,raw/validation/validation-00050/validation-00050-quote.pdf,clean/validation/validation-00050/validation-00050-quote.txt,clean_pdf,compliance_green,TRANSPORT SALAMA,02404198000012,FR50024041980,NEOTYPO,01575111800033,,DEV-202601-0050,,2026-01-21,2026-02-20,,EUR,3032.73,606.55,3639.28,,,False,False,True,,Devis commercial lie a la facture. | Le devis et la facture n'ont pas le meme montant.
validation-00051-invoice,validation-00051,expired_attestation,validation,invoice,synthetic,pdf,raw/validation/validation-00051/validation-00051-invoice.pdf,clean/validation/validation-00051/validation-00051-invoice.txt,clean_pdf,sand_gold,AGT DISTRIBUTION,02404142800012,FR43024041428,DUBOIS,00562011700019,FAC-202601-0051,,,2026-01-02,2026-02-01,,EUR,4388.00,877.60,5265.60,FR7648431825069225367439902,QBZTYIBU,False,True,True,,Attestation hors validite.
validation-00051-attestation,validation-00051,expired_attestation,validation,attestation,synthetic,pdf,raw/validation/validation-00051/validation-00051-attestation.pdf,clean/validation/validation-00051/validation-00051-attestation.txt,clean_pdf,sand_gold,AGT DISTRIBUTION,02404142800012,FR43024041428,DUBOIS,00562011700019,,,ATTEST-202601-0051,2026-01-02,,2025-12-25,EUR,0.00,0.00,0.00,,,False,True,True,,Document de conformite pour verification fournisseur. | Attestation hors validite.
validation-00052-invoice,validation-00052,attestation_siret_mismatch,validation,invoice,synthetic,png,raw/validation/validation-00052/validation-00052-invoice.png,clean/validation/validation-00052/validation-00052-invoice.txt,scan_blur_rotation,corporate_blue,PLOMBERIE SANITAIRE 2000,02405800000019,FR95024058000,TERROIRS DE FAMILLE,01555065000061,FAC-202603-0052,,,2026-03-09,2026-04-08,,EUR,5113.47,1022.69,6136.16,FR7673637896738462824579503,UWIRKVVL,False,False,True,,
validation-00052-attestation,validation-00052,attestation_siret_mismatch,validation,attestation,synthetic,png,raw/validation/validation-00052/validation-00052-attestation.png,clean/validation/validation-00052/validation-00052-attestation.txt,scan_blur_rotation,corporate_blue,PLOMBERIE SANITAIRE 2000,01724351000066,FR54017243510,TERROIRS DE FAMILLE,01555065000061,,,ATTEST-202603-0052,2026-03-09,,2026-07-07,EUR,0.00,0.00,0.00,,,False,False,True,,Document de conformite pour verification fournisseur.
validation-00053-invoice,validation-00053,rib_mismatch,validation,invoice,synthetic,pdf,raw/validation/validation-00053/validation-00053-invoice.pdf,clean/validation/validation-00053/validation-00053-invoice.txt,clean_pdf,heritage_burgundy,DOUKA BE BOUENI,02404912400241,FR45024049124,SOCIETE EST METROPOLES,01615041900089,FAC-202602-0053,,,2026-02-14,2026-03-16,,EUR,4154.96,830.99,4985.95,FR7668432858241767910708618,MUNWSDUY,False,False,True,,
validation-00053-rib,validation-00053,rib_mismatch,validation,rib,synthetic,pdf,raw/validation/validation-00053/validation-00053-rib.pdf,clean/validation/validation-00053/validation-00053-rib.txt,clean_pdf,heritage_burgundy,ETABLISSEMENTS GUERARD,02404912400241,FR45024049124,SOCIETE EST METROPOLES,01615041900089,,,,2026-02-14,,,EUR,0.00,0.00,0.00,FR7668432858241767910708618,MUNWSDUY,False,False,True,,Coordonnees bancaires fournisseur.
validation-00054-invoice,validation-00054,missing_field_scan,validation,invoice,synthetic,png,raw/validation/validation-00054/validation-00054-invoice.png,clean/validation/validation-00054/validation-00054-invoice.txt,low_contrast_scan,sand_gold,PLANET'CHAUSS,02407118500011,FR74024071185,CODIMEC,01675055600082,FAC-202509-0054,,,2025-09-03,,,EUR,10287.52,2057.50,12345.02,FR7628989877868022211541464,UCOCHQHO,False,False,False,,La date d'echeance est absente du document.
test-00055-invoice,test-00055,legitimate_pdf,test,invoice,synthetic,pdf,raw/test/test-00055/test-00055-invoice.pdf,clean/test/test-00055/test-00055-invoice.txt,clean_pdf,industrial_orange,SNC MCBTP,02406684700013,FR58024066847,FLEUR D'OR,02404946200021,FAC-202511-0055,,,2025-11-29,2025-12-29,,EUR,10619.25,2123.85,12743.10,FR7671946090330774437517805,IBAAFVBK,False,False,False,,
test-00056-invoice,test-00056,legitimate_pdf,test,invoice,synthetic,pdf,raw/test/test-00056/test-00056-invoice.pdf,clean/test/test-00056/test-00056-invoice.txt,clean_pdf,tech_slate,ATELIERS DE LA PROVIDENCE,00698023900021,FR78006980239,MOINECHA TRANSPORT,02405873700016,FAC-202511-0056,,,2025-11-13,2025-12-13,,EUR,4933.95,986.79,5920.74,FR7663166357155845466662859,RYYYVEIH,False,False,False,,
test-00057-invoice,test-00057,legitimate_scan,test,invoice,synthetic,png,raw/test/test-00057/test-00057-invoice.png,clean/test/test-00057/test-00057-invoice.txt,scan_blur_rotation,compliance_green,EIFFAGE CONSTRUCTION SAONE ET LOIRE,01545141200074,FR82015451412,LA BRIOCHE DOREE,01545121400041,FAC-202603-0057,,,2026-03-10,2026-04-09,,EUR,5133.41,1026.68,6160.09,FR7698626765750605455596715,GQQQGDWK,False,False,False,,
test-00058-invoice,test-00058,legitimate_scan,test,invoice,synthetic,png,raw/test/test-00058/test-00058-invoice.png,clean/test/test-00058/test-00058-invoice.txt,scan_blur_rotation,sand_gold,E-VOYAGE COMORES AVIATION INTERNATIONAL,02406891800028,FR63024068918,HILA CARRELAGE,02404152700011,FAC-202601-0058,,,2026-01-05,2026-02-04,,EUR,12481.33,2496.27,14977.60,FR7662794726897458312181186,JPLAAIGH,False,False,False,,
test-00059-invoice,test-00059,legitimate_smartphone,test,invoice,synthetic,jpg,raw/test/test-00059/test-00059-invoice.jpg,clean/test/test-00059/test-00059-invoice.txt,smartphone_photo,industrial_orange,ENTREPRISE GOULAMHOUSSEN FIDAHOUSSEN,02405498300010,FR65024054983,HANUMAN INDUSTRIE,02404800100028,FAC-202511-0059,,,2025-11-29,2025-12-29,,EUR,11458.57,2291.71,13750.28,FR7677645834277736046916471,IJJKQKRB,False,False,False,,
test-00060-invoice,test-00060,legitimate_smartphone,test,invoice,synthetic,jpg,raw/test/test-00060/test-00060-invoice.jpg,clean/test/test-00060/test-00060-invoice.txt,smartphone_photo,heritage_burgundy,LA BRIOCHE DOREE,01545121400041,FR70015451214,P.A.S.M,02405861200011,FAC-202602-0060,,,2026-02-08,2026-03-10,,EUR,1622.44,324.49,1946.93,FR7671595665611571713876988,PYBUGOKL,False,False,False,,
test-00061-invoice,test-00061,forged_amount_pdf,test,invoice,synthetic,pdf,raw/test/test-00061/test-00061-invoice.pdf,clean/test/test-00061/test-00061-invoice.txt,clean_pdf,civic_red,DOUKA BE,02404912400084,FR45024049124,ASM,01555088200839,FAC-202512-0061,,,2025-12-03,2026-01-02,,EUR,6701.40,1340.28,8191.67,FR7611607063750922342762752,OPOLVKOQ,True,False,False,,Montant TTC incoherent avec le detail des lignes.
test-00062-invoice,test-00062,forged_amount_pdf,test,invoice,synthetic,pdf,raw/test/test-00062/test-00062-invoice.pdf,clean/test/test-00062/test-00062-invoice.txt,clean_pdf,civic_red,GROUPE CHOPARD,01555166600058,FR47015551666,DORAS,01585179300313,FAC-202507-0062,,,2025-07-31,2025-08-30,,EUR,11009.28,2201.86,13361.13,FR7605508882388990888078162,LDQYJHYC,True,False,False,,Montant TTC incoherent avec le detail des lignes.
test-00063-invoice,test-00063,forged_identifier_scan,test,invoice,synthetic,png,raw/test/test-00063/test-00063-invoice.png,clean/test/test-00063/test-00063-invoice.txt,pixelated_scan,civic_red,SUD MENUISERIE ET BTP,02405244100014,FR05024052441,EUROPE SOL,02405759800013,FAC-202511-0063,,,2025-11-10,2025-12-10,,EUR,8078.25,1615.65,9693.90,FR7661191633014106783894420,CRJIZSEN,True,False,False,,Identifiant fournisseur potentiellement falsifie.
test-00064-invoice,test-00064,forged_identifier_scan,test,invoice,synthetic,png,raw/test/test-00064/test-00064-invoice.png,clean/test/test-00064/test-00064-invoice.txt,pixelated_scan,midnight_navy,MINETTO MATERIAUX,00735020000075,FR87007350200,LOULOU BEAUTE,02406830600018,FAC-202602-0064,,,2026-02-06,2026-03-08,,EUR,2194.04,438.81,2632.85,FR7628142188259281800672385,EGOXNINL,True,False,False,,Identifiant fournisseur potentiellement falsifie.
test-00065-invoice,test-00065,invoice_quote_mismatch,test,invoice,synthetic,pdf,raw/test/test-00065/test-00065-invoice.pdf,clean/test/test-00065/test-00065-invoice.txt,clean_pdf,heritage_burgundy,BELAY ARC EN CIEL MAYOTTE EIRL,02404673200020,FR47024046732,FIDECA,01715120000601,FAC-202508-0065,,,2025-08-02,2025-09-01,,EUR,1032.40,206.48,1238.88,FR7606915289877290942205466,SNOHBOYQ,False,False,True,,Le devis et la facture n'ont pas le meme montant.
test-00065-quote,test-00065,invoice_quote_mismatch,test,quote,synthetic,pdf,raw/test/test-00065/test-00065-quote.pdf,clean/test/test-00065/test-00065-quote.txt,clean_pdf,heritage_burgundy,BELAY ARC EN CIEL MAYOTTE EIRL,02404673200020,FR47024046732,FIDECA,01715120000601,,DEV-202508-0065,,2025-07-27,2025-08-26,,EUR,849.07,169.81,1018.88,,,False,False,True,,Devis commercial lie a la facture. | Le devis et la facture n'ont pas le meme montant.
test-00066-invoice,test-00066,invoice_quote_mismatch,test,invoice,synthetic,pdf,raw/test/test-00066/test-00066-invoice.pdf,clean/test/test-00066/test-00066-invoice.txt,clean_pdf,heritage_burgundy,CINEMA OLYMPIA,01695041200029,FR65016950412,ROYAL EUROS,02406500500019,FAC-202602-0066,,,2026-02-07,2026-03-09,,EUR,4910.34,982.07,5892.41,FR7633020908571246580329404,ZYOQCCHB,False,False,True,,Le devis et la facture n'ont pas le meme montant.
test-00066-quote,test-00066,invoice_quote_mismatch,test,quote,synthetic,pdf,raw/test/test-00066/test-00066-quote.pdf,clean/test/test-00066/test-00066-quote.txt,clean_pdf,heritage_burgundy,CINEMA OLYMPIA,01695041200029,FR65016950412,ROYAL EUROS,02406500500019,,DEV-202602-0066,,2026-02-01,2026-03-03,,EUR,4727.01,945.40,5672.41,,,False,False,True,,Devis commercial lie a la facture. | Le devis et la facture n'ont pas le meme montant.
test-00067-invoice,test-00067,expired_attestation,test,invoice,synthetic,pdf,raw/test/test-00067/test-00067-invoice.pdf,clean/test/test-00067/test-00067-invoice.txt,clean_pdf,industrial_orange,DORAS,01585179300271,FR74015851793,DORAS,01585179300404,FAC-202510-0067,,,2025-10-01,2025-10-31,,EUR,6018.63,1203.73,7222.36,FR7639725127332219707746792,YGOJSWSN,False,True,True,,Attestation hors validite.
test-00067-attestation,test-00067,expired_attestation,test,attestation,synthetic,pdf,raw/test/test-00067/test-00067-attestation.pdf,clean/test/test-00067/test-00067-attestation.txt,clean_pdf,industrial_orange,DORAS,01585179300271,FR74015851793,DORAS,01585179300404,,,ATTEST-202510-0067,2025-10-01,,2025-09-23,EUR,0.00,0.00,0.00,,,False,True,True,,Document de conformite pour verification fournisseur. | Attestation hors validite.
test-00068-invoice,test-00068,expired_attestation,test,invoice,synthetic,pdf,raw/test/test-00068/test-00068-invoice.pdf,clean/test/test-00068/test-00068-invoice.txt,clean_pdf,ocean_teal,KOTRI,02405831500029,FR70024058315,E.C.P.P.,02406496600013,FAC-202509-0068,,,2025-09-17,2025-10-17,,EUR,3975.58,795.12,4770.70,FR7631372711917400589789833,IMPQRTOV,False,True,True,,Attestation hors validite.
test-00068-attestation,test-00068,expired_attestation,test,attestation,synthetic,pdf,raw/test/test-00068/test-00068-attestation.pdf,clean/test/test-00068/test-00068-attestation.txt,clean_pdf,ocean_teal,KOTRI,02405831500029,FR70024058315,E.C.P.P.,02406496600013,,,ATTEST-202509-0068,2025-09-17,,2025-09-09,EUR,0.00,0.00,0.00,,,False,True,True,,Document de conformite pour verification fournisseur. | Attestation hors validite.
test-00069-invoice,test-00069,attestation_siret_mismatch,test,invoice,synthetic,png,raw/test/test-00069/test-00069-invoice.png,clean/test/test-00069/test-00069-invoice.txt,scan_blur_rotation,civic_red,DORAS,01585179301048,FR74015851793,MPPI,01585179300982,FAC-202601-0069,,,2026-01-03,2026-02-02,,EUR,4652.38,930.48,5582.86,FR7601990474422521414217823,LYKURICY,False,False,True,,
test-00069-attestation,test-00069,attestation_siret_mismatch,test,attestation,synthetic,png,raw/test/test-00069/test-00069-attestation.png,clean/test/test-00069/test-00069-attestation.txt,scan_blur_rotation,civic_red,DORAS,02405358900016,FR54024053589,MPPI,01585179300982,,,ATTEST-202601-0069,2026-01-03,,2026-05-03,EUR,0.00,0.00,0.00,,,False,False,True,,Document de conformite pour verification fournisseur.
test-00070-invoice,test-00070,attestation_siret_mismatch,test,invoice,synthetic,png,raw/test/test-00070/test-00070-invoice.png,clean/test/test-00070/test-00070-invoice.txt,scan_blur_rotation,ocean_teal,TAYAR SERVICE,02405327400015,FR79024053274,DOUKA BE KAHANI,02404912400456,FAC-202508-0070,,,2025-08-26,2025-09-25,,EUR,4481.40,896.28,5377.68,FR7622141491252213756662215,CCQJQSHX,False,False,True,,
test-00070-attestation,test-00070,attestation_siret_mismatch,test,attestation,synthetic,png,raw/test/test-00070/test-00070-attestation.png,clean/test/test-00070/test-00070-attestation.txt,scan_blur_rotation,ocean_teal,TAYAR SERVICE,00708001300027,FR58007080013,DOUKA BE KAHANI,02404912400456,,,ATTEST-202508-0070,2025-08-26,,2025-12-24,EUR,0.00,0.00,0.00,,,False,False,True,,Document de conformite pour verification fournisseur.
test-00071-invoice,test-00071,rib_mismatch,test,invoice,synthetic,pdf,raw/test/test-00071/test-00071-invoice.pdf,clean/test/test-00071/test-00071-invoice.txt,clean_pdf,ocean_teal,SANDAWANA,02405315900034,FR25024053159,BOULANGERIE BARAKA M'FILAOUNI,02404494300025,FAC-202508-0071,,,2025-08-14,2025-09-13,,EUR,13393.89,2678.78,16072.67,FR7616055465959715999340947,JJBQEPEY,False,False,True,,
test-00071-rib,test-00071,rib_mismatch,test,rib,synthetic,pdf,raw/test/test-00071/test-00071-rib.pdf,clean/test/test-00071/test-00071-rib.txt,clean_pdf,ocean_teal,PIERRE DE L'YONNE,02405315900034,FR25024053159,BOULANGERIE BARAKA M'FILAOUNI,02404494300025,,,,2025-08-14,,,EUR,0.00,0.00,0.00,FR7616055465959715999340947,JJBQEPEY,False,False,True,,Coordonnees bancaires fournisseur.
test-00072-invoice,test-00072,rib_mismatch,test,invoice,synthetic,pdf,raw/test/test-00072/test-00072-invoice.pdf,clean/test/test-00072/test-00072-invoice.txt,clean_pdf,heritage_burgundy,HOTEL DARCY DIJON CENTRE,01565125000019,FR39015651250,ENTREPRISE ASSANI ALI,02407098900025,FAC-202511-0072,,,2025-11-08,2025-12-08,,EUR,2970.61,594.12,3564.73,FR7657515971235636342919059,CMRNVGMG,False,False,True,,
test-00072-rib,test-00072,rib_mismatch,test,rib,synthetic,pdf,raw/test/test-00072/test-00072-rib.pdf,clean/test/test-00072/test-00072-rib.txt,clean_pdf,heritage_burgundy,AUTODISTRIBUTION COLARD,01565125000019,FR39015651250,ENTREPRISE ASSANI ALI,02407098900025,,,,2025-11-08,,,EUR,0.00,0.00,0.00,FR7657515971235636342919059,CMRNVGMG,False,False,True,,Coordonnees bancaires fournisseur.
test-00073-invoice,test-00073,missing_field_scan,test,invoice,synthetic,png,raw/test/test-00073/test-00073-invoice.png,clean/test/test-00073/test-00073-invoice.txt,low_contrast_scan,ocean_teal,SIPA,01585028200029,FR03015850282,SALLE DE JEUX JUGY,00684162100029,FAC-202509-0073,,,2025-09-14,,,EUR,11770.24,2354.05,14124.29,FR7690600839602681851633859,TJZRSJYM,False,False,False,,La date d'echeance est absente du document.
test-00074-invoice,test-00074,missing_field_scan,test,invoice,synthetic,png,raw/test/test-00074/test-00074-invoice.png,clean/test/test-00074/test-00074-invoice.txt,low_contrast_scan,civic_red,LE FIACRE,00732021100035,FR39007320211,DORAS,01585179300206,FAC-202507-0074,,,2025-07-22,,,EUR,17018.75,3403.75,20422.50,FR7614178853047257188438234,XRCKJBNK,False,False,False,,La date d'echeance est absente du document.
